Bestand;Pad;Categorie;Subcategorie;AantalTekens;AantalRegels;Status;Prioriteit;Notities
trainers.h;src\data\trainers.h;Trainers;;361212;10372;Onvertaald;Hoog;
trainer_hill.h;src\data\battle_frontier\trainer_hill.h;Trainers;;279068;4821;Onvertaald;Hoog;
items.h;src\data\items.h;Items;;259640;9660;Onvertaald;Hoog;
pokemon.h;src\data\graphics\pokemon.h;Pokemon;;243660;3164;Onvertaald;Hoog;
battle_tent.h;src\data\battle_frontier\battle_tent.h;Battle;;178993;4138;Onvertaald;Hoog;Enkel namen te vertalen
battle_frontier_trainers.h;src\data\battle_frontier\battle_frontier_trainers.h;Trainers;;165483;2563;Onvertaald;Hoog;Enkel namen te vertalen
trainers.inc;data\text\trainers.inc;Trainers;;134564;4781;Onvertaald;Hoog;
pokedex_entries.h;src\data\pokemon\pokedex_entries.h;Pokemon;;124490;5233;Onvertaald;Hoog;
tv.inc;data\text\tv.inc;UI;;105668;2997;Onvertaald;Hoog;
match_call.inc;data\text\match_call.inc;UI;;100089;2954;Onvertaald;Hoog;Deze is echt groot
pokedex_text.h;src\data\pokemon\pokedex_text.h;Pokemon;;93657;2566;Onvertaald;Hoog;Deze is echt groot
apprentice.inc;data\text\apprentice.inc;UI;;89267;2527;Onvertaald;Hoog;
contest_opponents.h;src\data\contest_opponents.h;Overig;;87111;3011;Onvertaald;Hoog;
unused_anims.h;src\data\pokemon_graphics\unused_anims.h;Pokemon;;75517;1827;Onvertaald;Hoog;
scripts.inc;data\maps\BattleFrontier_BattleTowerMultiPartnerRoom\scripts.inc;Battle;;66874;1808;Onvertaald;Hoog;
easy_chat_words_by_letter.h;src\data\easy_chat\easy_chat_words_by_letter.h;Overig;;66832;2785;Onvertaald;Hoog;
battle_anim.h;src\data\battle_anim.h;Battle;;62725;1638;Onvertaald;Hoog;
scripts.inc;data\maps\PetalburgCity_Gym\scripts.inc;Maps;PetalburgCity;59178;1710;Vertaald;Hoog;
contest_hall.inc;data\scripts\contest_hall.inc;Overig;;58674;1801;Onvertaald;Hoog;
move_descriptions.h;src\data\text\move_descriptions.h;Moves;;58673;1842;Onvertaald;Hoog;
scripts.inc;data\maps\BattleFrontier_BattleTowerLobby\scripts.inc;Battle;;58509;1402;Onvertaald;Hoog;
union_room.h;src\data\union_room.h;Overig;;55017;1115;Onvertaald;Hoog;Optional, je kan de nicknames van opponents gek maken
scripts.inc;data\maps\SootopolisCity\scripts.inc;Maps;SootopolisCity;51047;1729;Onvertaald;Hoog;
level_up_learnset_pointers.h;src\data\pokemon\level_up_learnset_pointers.h;Pokemon;;50645;933;Onvertaald;Hoog;
items.h;src\data\graphics\items.h;Items;;48440;759;Onvertaald;Hoog;
apprentice.h;src\data\battle_frontier\apprentice.h;Battle;;46924;995;Onvertaald;Hoog;
event_scripts.s;data\event_scripts.s;Events;;46718;1153;Onvertaald;Hoog;
cable_club.inc;data\scripts\cable_club.inc;Overig;;46383;1422;Onvertaald;Hoog;
credits.h;src\data\credits.h;Overig;;45955;787;Onvertaald;Hoog;
scripts.inc;data\maps\LittlerootTown_ProfessorBirchsLab\scripts.inc;Maps;LittlerootTown;45291;1114;Vertaald;Hoog;
object_event_graphics_info_pointers.h;src\data\object_events\object_event_graphics_info_pointers.h;Events;;44775;545;Onvertaald;Hoog;
test.inc;data\scripts\test.inc;Overig;;44316;2144;Onvertaald;Hoog;
object_event_anims.h;src\data\object_events\object_event_anims.h;Events;;43294;1591;Onvertaald;Hoog;
scripts.inc;data\maps\BattleFrontier_BattleDomeBattleRoom\scripts.inc;Battle;;42815;1182;Onvertaald;Hoog;
field_effect_objects.h;src\data\field_effects\field_effect_objects.h;Overig;;41601;1378;Onvertaald;Hoog;
scripts.inc;data\maps\SlateportCity\scripts.inc;Maps;SlateportCity;41592;1412;Onvertaald;Hoog;
back_pic_coordinates.h;src\data\pokemon_graphics\back_pic_coordinates.h;Pokemon;;40880;499;Onvertaald;Hoog;
front_pic_coordinates.h;src\data\pokemon_graphics\front_pic_coordinates.h;Pokemon;;40879;497;Onvertaald;Hoog;
scripts.inc;data\maps\RustboroCity\scripts.inc;Maps;RustboroCity;40343;1310;Vertaald;Hoog;
header.h;src\data\decoration\header.h;Overig;;39670;1454;Onvertaald;Hoog;
scripts.inc;data\maps\MauvilleCity_GameCorner\scripts.inc;Maps;MauvilleCity;39547;1102;Onvertaald;Hoog;
item_descriptions.h;src\data\text\item_descriptions.h;Items;;37899;1696;Onvertaald;Hoog;
scripts.inc;data\maps\LilycoveCity_ContestLobby\scripts.inc;Maps;LilycoveCity;37807;1086;Onvertaald;Hoog;
scripts.inc;data\maps\Route110_TrickHousePuzzle5\scripts.inc;Maps;Route110;36888;1028;Onvertaald;Hoog;
scripts.inc;data\maps\BattleFrontier_BattlePyramidLobby\scripts.inc;Battle;;35697;906;Onvertaald;Hoog;
mauville_man.inc;data\scripts\mauville_man.inc;Overig;;34625;976;Onvertaald;Hoog;
party_menu.h;src\data\party_menu.h;UI;;34244;1134;Onvertaald;Hoog;
scripts.inc;data\maps\BattleFrontier_Lounge9\scripts.inc;Battle;;33994;1288;Onvertaald;Hoog;
pokedex_orders.h;src\data\pokemon\pokedex_orders.h;Pokemon;;33871;1292;Onvertaald;Hoog;
contest_ai_scripts.s;data\contest_ai_scripts.s;Overig;;33294;920;Onvertaald;Hoog;
scripts.inc;data\maps\LilycoveCity_PokemonTrainerFanClub\scripts.inc;Pokemon;;33157;820;Onvertaald;Hoog;
scripts.inc;data\maps\Route104\scripts.inc;Maps;Route104;32344;1188;Vertaald;Hoog;
berry_tree_graphics_tables.h;src\data\object_events\berry_tree_graphics_tables.h;Events;;32118;565;Onvertaald;Hoog;
scripts.inc;data\maps\LittlerootTown\scripts.inc;Maps;LittlerootTown;31739;1074;Vertaald;Hoog;
scripts.inc;data\maps\Route110_TrickHouseEntrance\scripts.inc;Maps;Route110;31411;826;Onvertaald;Hoog;
battle_pyramid_level_50_wild_mons.h;src\data\battle_frontier\battle_pyramid_level_50_wild_mons.h;Battle;;31397;1063;Onvertaald;Hoog;
battle_pyramid_open_level_wild_mons.h;src\data\battle_frontier\battle_pyramid_open_level_wild_mons.h;Battle;;31356;1063;Onvertaald;Hoog;
shiny_palette_table.h;src\data\pokemon_graphics\shiny_palette_table.h;Pokemon;;31219;525;Onvertaald;Hoog;
scripts.inc;data\maps\BattleFrontier_ExchangeServiceCorner\scripts.inc;Battle;;30889;742;Onvertaald;Hoog;
still_front_pic_table.h;src\data\pokemon_graphics\still_front_pic_table.h;Pokemon;;30779;496;Onvertaald;Hoog;
trade.h;src\data\trade.h;Overig;;30732;1209;Onvertaald;Hoog;
scripts.inc;data\maps\BattleFrontier_BattlePikeRoomNormal\scripts.inc;Battle;;30335;851;Onvertaald;Hoog;
script_menu.h;src\data\script_menu.h;UI;;30107;1035;Onvertaald;Hoog;
match_call_messages.h;src\data\text\match_call_messages.h;UI;;29791;471;Onvertaald;Hoog;
item_icon_table.h;src\data\item_icon_table.h;Items;;29660;428;Onvertaald;Hoog;
scripts.inc;data\maps\BattleFrontier_BattleFactoryPreBattleRoom\scripts.inc;Battle;;29582;647;Onvertaald;Hoog;
lilycove_lady.inc;data\scripts\lilycove_lady.inc;Overig;;29377;790;Onvertaald;Hoog;
scripts.inc;data\maps\Route110\scripts.inc;Maps;Route110;29245;999;Onvertaald;Hoog;
scripts.inc;data\maps\RustboroCity_DevonCorp_2F\scripts.inc;Maps;RustboroCity;28414;718;Vertaald;Hoog;
scripts.inc;data\maps\BattleFrontier_BattleDomeLobby\scripts.inc;Battle;;27322;684;Onvertaald;Hoog;
scripts.inc;data\maps\BattleFrontier_BattleArenaBattleRoom\scripts.inc;Battle;;27051;639;Onvertaald;Hoog;
scripts.inc;data\maps\BattleFrontier_BattlePalaceLobby\scripts.inc;Battle;;26960;651;Onvertaald;Hoog;
region_map_entries.h;src\data\region_map\region_map_entries.h;Overig;;25979;421;Onvertaald;Hoog;
front_pic_table.h;src\data\pokemon_graphics\front_pic_table.h;Pokemon;;25805;494;Onvertaald;Hoog;
scripts.inc;data\maps\LilycoveCity\scripts.inc;Maps;LilycoveCity;25732;771;Onvertaald;Hoog;
pokedex_area_glow.h;src\data\pokedex_area_glow.h;Pokedex;;25447;315;Onvertaald;Hoog;
back_pic_table.h;src\data\pokemon_graphics\back_pic_table.h;Pokemon;;25319;493;Onvertaald;Hoog;
headers.h;src\data\tilesets\headers.h;Overig;;25190;851;Onvertaald;Hoog;
scripts.inc;data\maps\BattleFrontier_BattlePalaceBattleRoom\scripts.inc;Battle;;24019;581;Onvertaald;Hoog;
scripts.inc;data\maps\BattleFrontier_BattlePyramidFloor\scripts.inc;Battle;;23965;731;Onvertaald;Hoog;
secret_base.inc;data\scripts\secret_base.inc;Overig;;23927;738;Onvertaald;Hoog;
palette_table.h;src\data\pokemon_graphics\palette_table.h;Pokemon;;23793;494;Onvertaald;Hoog;
berry_blender.inc;data\scripts\berry_blender.inc;Overig;;23477;710;Onvertaald;Hoog;
scripts.inc;data\maps\Route111\scripts.inc;Maps;Route111;23333;731;Onvertaald;Hoog;
contest_text_tables.h;src\data\contest_text_tables.h;UI;;23016;439;Onvertaald;Hoog;
scripts.inc;data\maps\BattleFrontier_BattleTowerBattleRoom\scripts.inc;Battle;;22718;567;Onvertaald;Hoog;
experience_tables.h;src\data\pokemon\experience_tables.h;Pokemon;;22609;844;Onvertaald;Hoog;
scripts.inc;data\maps\MossdeepCity_Gym\scripts.inc;Maps;MossdeepCity;22577;653;Onvertaald;Hoog;
scripts.inc;data\maps\BattleFrontier_BattleFactoryLobby\scripts.inc;Battle;;22267;554;Onvertaald;Hoog;
footprint_table.h;src\data\pokemon_graphics\footprint_table.h;Pokemon;;22245;463;Onvertaald;Hoog;
scripts.inc;data\maps\PetalburgWoods\scripts.inc;Maps;PetalburgWoods;22163;738;Vertaald;Hoog;
scripts.inc;data\maps\BattleFrontier_BattleArenaLobby\scripts.inc;Battle;;22013;577;Onvertaald;Hoog;
contest_strings.inc;data\text\contest_strings.inc;UI;;21659;772;Onvertaald;Hoog;
scripts.inc;data\maps\BattleFrontier_BattleTowerMultiBattleRoom\scripts.inc;Battle;;21639;507;Onvertaald;Hoog;
scripts.inc;data\maps\MtChimney\scripts.inc;Maps;MtChimney;21590;846;Onvertaald;Hoog;
easy_chat_group_status.h;src\data\easy_chat\easy_chat_group_status.h;Overig;;21528;766;Onvertaald;Hoog;
trainers.h;src\data\graphics\trainers.h;Trainers;;21510;297;Onvertaald;Hoog;
players_house.inc;data\scripts\players_house.inc;Overig;;21508;725;Onvertaald;Hoog;
scripts.inc;data\maps\DewfordTown\scripts.inc;Maps;DewfordTown;21350;826;Vertaald;Hoog;
specials.inc;data\specials.inc;Overig;;21254;573;Onvertaald;Hoog;
wallpapers.h;src\data\wallpapers.h;Overig;;21006;393;Onvertaald;Hoog;
scripts.inc;data\maps\MauvilleCity\scripts.inc;Maps;MauvilleCity;20172;694;Onvertaald;Hoog;
scripts.inc;data\maps\Route119\scripts.inc;Maps;Route119;20016;680;Onvertaald;Hoog;
scripts.inc;data\maps\BattleFrontier_Lounge7\scripts.inc;Battle;;19848;571;Onvertaald;Hoog;
libgcnmultiboot.s;src\libgcnmultiboot.s;Overig;;19829;641;Onvertaald;Hoog;
front_pic_tables.h;src\data\trainer_graphics\front_pic_tables.h;Trainers;;19791;303;Onvertaald;Hoog;
scripts.inc;data\maps\MtPyre_Summit\scripts.inc;Maps;MtPyre;19731;626;Onvertaald;Hoog;
scripts.inc;data\maps\LilycoveCity_Harbor\scripts.inc;Maps;LilycoveCity;19609;592;Onvertaald;Hoog;
abnormal_weather.inc;data\scripts\abnormal_weather.inc;Overig;;19105;425;Onvertaald;Hoog;
scripts.inc;data\maps\BattleFrontier_ReceptionGate\scripts.inc;Battle;;18705;505;Onvertaald;Hoog;
scripts.inc;data\maps\PetalburgCity\scripts.inc;Maps;PetalburgCity;18627;813;Vertaald;Hoog;
scripts.inc;data\maps\SlateportCity_Harbor\scripts.inc;Maps;SlateportCity;18613;546;Onvertaald;Hoog;
scripts.inc;data\maps\MossdeepCity_SpaceCenter_2F\scripts.inc;Maps;MossdeepCity;18455;519;Onvertaald;Hoog;
scripts.inc;data\maps\BattleFrontier_OutsideWest\scripts.inc;Battle;;18223;528;Onvertaald;Hoog;
item_effects.h;src\data\pokemon\item_effects.h;Pokemon;;17973;537;Onvertaald;Hoog;
movement_type_func_tables.h;src\data\object_events\movement_type_func_tables.h;Moves;;17907;458;Onvertaald;Hoog;
species_names.h;src\data\text\species_names.h;Pokemon;;17884;464;Onvertaald;Hoog;
scripts.inc;data\maps\BattleFrontier_Lounge3\scripts.inc;Battle;;17626;468;Onvertaald;Hoog;
scripts.inc;data\maps\Route110_TrickHousePuzzle3\scripts.inc;Maps;Route110;17593;345;Onvertaald;Hoog;
follower_messages.h;src\data\text\follower_messages.h;UI;;17356;301;Onvertaald;Hoog;
scripts.inc;data\maps\LilycoveCity_ContestHall\scripts.inc;Maps;LilycoveCity;17039;538;Onvertaald;Hoog;
battle_terrain.h;src\data\graphics\battle_terrain.h;Battle;;17029;204;Onvertaald;Hoog;
scripts.inc;data\maps\EverGrandeCity_ChampionsRoom\scripts.inc;Maps;EverGrandeCity;16849;479;Onvertaald;Hoog;
move_tutors.inc;data\scripts\move_tutors.inc;Moves;;16774;444;Onvertaald;Hoog;
scripts.inc;data\maps\BattleFrontier_BattlePikeLobby\scripts.inc;Battle;;16664;436;Onvertaald;Hoog;
scripts.inc;data\maps\MossdeepCity_SpaceCenter_1F\scripts.inc;Maps;MossdeepCity;16458;432;Onvertaald;Hoog;
scripts.inc;data\maps\ContestHall\scripts.inc;Maps;ContestHall;16340;450;Onvertaald;Hoog;
scripts.inc;data\maps\BattleFrontier_BattleDomePreBattleRoom\scripts.inc;Battle;;16096;393;Onvertaald;Hoog;
battle_tent.inc;data\text\battle_tent.inc;Battle;;16043;433;Onvertaald;Hoog;
metatiles.h;src\data\tilesets\metatiles.h;Overig;;15950;209;Onvertaald;Hoog;
scripts.inc;data\maps\TrainerHill_Entrance\scripts.inc;Trainers;;15908;488;Onvertaald;Hoog;
scripts.inc;data\maps\Route109\scripts.inc;Maps;Route109;15795;573;Onvertaald;Hoog;
new_game.inc;data\scripts\new_game.inc;Overig;;15559;276;Onvertaald;Hoog;
scripts.inc;data\maps\DewfordTown_Gym\scripts.inc;Maps;DewfordTown;15463;463;Vertaald;Hoog;
scripts.inc;data\maps\LavaridgeTown_Gym_1F\scripts.inc;Maps;LavaridgeTown;15438;404;Onvertaald;Hoog;
scripts.inc;data\maps\Route124_DivingTreasureHuntersHouse\scripts.inc;Maps;Route124;15431;348;Onvertaald;Hoog;
cable_club.inc;data\text\cable_club.inc;UI;;15359;487;Onvertaald;Hoog;
unknown_table.h;src\data\pokemon_graphics\unknown_table.h;Pokemon;;15326;444;Onvertaald;Hoog;
scripts.inc;data\maps\LittlerootTown_BrendansHouse_1F\scripts.inc;Maps;LittlerootTown;15220;454;Vertaald;Hoog;
scripts.inc;data\maps\Route116\scripts.inc;Maps;Route116;15181;484;Onvertaald;Hoog;
scripts.inc;data\maps\SlateportCity_PokemonFanClub\scripts.inc;Pokemon;;15110;400;Onvertaald;Hoog;
scripts.inc;data\maps\MossdeepCity\scripts.inc;Maps;MossdeepCity;15088;577;Onvertaald;Hoog;
scripts.inc;data\maps\Route120\scripts.inc;Maps;Route120;14950;443;Onvertaald;Hoog;
scripts.inc;data\maps\VerdanturfTown_BattleTentLobby\scripts.inc;Battle;;14876;384;Onvertaald;Hoog;
evolution.h;src\data\pokemon\evolution.h;Pokemon;;14815;220;Onvertaald;Hoog;
scripts.inc;data\maps\SlateportCity_OceanicMuseum_2F\scripts.inc;Maps;SlateportCity;14728;441;Onvertaald;Hoog;
scripts.inc;data\maps\MauvilleCity_Gym\scripts.inc;Maps;MauvilleCity;14674;421;Onvertaald;Hoog;
easy_chat_group_actions.h;src\data\easy_chat\easy_chat_group_actions.h;Overig;;14624;549;Onvertaald;Hoog;
scripts.inc;data\maps\BattleFrontier_OutsideEast\scripts.inc;Battle;;14605;440;Onvertaald;Hoog;
tiles.h;src\data\decoration\tiles.h;Overig;;14589;643;Onvertaald;Hoog;
scripts.inc;data\maps\Route113_GlassWorkshop\scripts.inc;Maps;Route113;14577;382;Onvertaald;Hoog;
scripts.inc;data\maps\BattleFrontier_ScottsHouse\scripts.inc;Battle;;14474;349;Onvertaald;Hoog;
scripts.inc;data\maps\BattleFrontier_Lounge2\scripts.inc;Battle;;14473;369;Onvertaald;Hoog;
scripts.inc;data\maps\RusturfTunnel\scripts.inc;Maps;RusturfTunnel;14422;536;Onvertaald;Hoog;
move_names.h;src\data\text\move_names.h;Moves;;14303;371;Onvertaald;Hoog;
scripts.inc;data\maps\LavaridgeTown\scripts.inc;Maps;LavaridgeTown;14286;448;Onvertaald;Hoog;
scripts.inc;data\maps\DewfordTown_Hall\scripts.inc;Maps;DewfordTown;14230;455;Vertaald;Hoog;
scripts.inc;data\maps\Route110_TrickHousePuzzle7\scripts.inc;Maps;Route110;14173;392;Onvertaald;Hoog;
follower.inc;data\scripts\follower.inc;Overig;;14005;663;Onvertaald;Hoog;
day_care.inc;data\scripts\day_care.inc;Overig;;13983;419;Onvertaald;Hoog;
scripts.inc;data\maps\BattleFrontier_BattlePikeThreePathRoom\scripts.inc;Battle;;13887;369;Onvertaald;Hoog;
easy_chat_group_people.h;src\data\easy_chat\easy_chat_group_people.h;Overig;;13884;528;Onvertaald;Hoog;
scripts.inc;data\maps\BattleFrontier_BattleFactoryBattleRoom\scripts.inc;Battle;;13876;321;Onvertaald;Hoog;
field_effect_scripts.s;data\field_effect_scripts.s;Overig;;13803;360;Onvertaald;Hoog;
description.h;src\data\decoration\description.h;Overig;;13544;573;Onvertaald;Hoog;
scripts.inc;data\maps\SlateportCity_OceanicMuseum_1F\scripts.inc;Maps;SlateportCity;13505;380;Onvertaald;Hoog;
abilities.h;src\data\text\abilities.h;Abilities;;13499;255;Onvertaald;Hoog;
scripts.inc;data\maps\LittlerootTown_MaysHouse_1F\scripts.inc;Maps;LittlerootTown;13455;419;Vertaald;Hoog;
scripts.inc;data\maps\LittlerootTown_MaysHouse_2F\scripts.inc;Maps;LittlerootTown;13440;421;Vertaald;Hoog;
front_pic_anims.h;src\data\trainer_graphics\front_pic_anims.h;Trainers;;13408;483;Onvertaald;Hoog;
scripts.inc;data\maps\Route110_TrickHouseEnd\scripts.inc;Maps;Route110;13343;358;Onvertaald;Hoog;
script_cmd_table.inc;data\script_cmd_table.inc;Overig;;13319;242;Onvertaald;Hoog;
scripts.inc;data\maps\BattleFrontier_BattlePyramidTop\scripts.inc;Battle;;13253;334;Onvertaald;Hoog;
scripts.inc;data\maps\FallarborTown_BattleTentLobby\scripts.inc;Battle;;13177;349;Onvertaald;Hoog;
easy_chat_group_conditions.h;src\data\easy_chat\easy_chat_group_conditions.h;Overig;;13144;486;Onvertaald;Hoog;
easy_chat_group_feelings.h;src\data\easy_chat\easy_chat_group_feelings.h;Overig;;13082;486;Onvertaald;Hoog;
scripts.inc;data\maps\Route119_WeatherInstitute_2F\scripts.inc;Maps;Route119;13027;348;Onvertaald;Hoog;
interview.inc;data\scripts\interview.inc;Overig;;12961;320;Onvertaald;Hoog;
scripts.inc;data\maps\LilycoveCity_LilycoveMuseum_2F\scripts.inc;Maps;LilycoveCity;12926;330;Onvertaald;Hoog;
easy_chat_group_endings.h;src\data\easy_chat\easy_chat_group_endings.h;Overig;;12657;486;Onvertaald;Hoog;
scripts.inc;data\maps\SootopolisCity_Gym_1F\scripts.inc;Maps;SootopolisCity;12491;340;Onvertaald;Hoog;
wonder_trade_OT_names.h;src\data\text\wonder_trade_OT_names.h;UI;;12239;507;Onvertaald;Hoog;
scripts.inc;data\maps\RustboroCity_PokemonSchool\scripts.inc;Pokemon;;12134;349;Onvertaald;Hoog;
item_ball_scripts.inc;data\scripts\item_ball_scripts.inc;Items;;12047;664;Onvertaald;Hoog;
scripts.inc;data\maps\OldaleTown\scripts.inc;Maps;OldaleTown;12020;467;Vertaald;Hoog;
easy_chat_group_battle.h;src\data\easy_chat\easy_chat_group_battle.h;Battle;;12015;444;Onvertaald;Hoog;
scripts.inc;data\maps\RustboroCity_DevonCorp_3F\scripts.inc;Maps;RustboroCity;11904;343;Vertaald;Hoog;
easy_chat_group_voices.h;src\data\easy_chat\easy_chat_group_voices.h;Overig;;11825;444;Onvertaald;Hoog;
battle.h;src\data\bard_music\battle.h;Battle;;11773;510;Onvertaald;Hoog;
scripts.inc;data\maps\MauvilleCity_BikeShop\scripts.inc;Maps;MauvilleCity;11626;330;Onvertaald;Hoog;
scripts.inc;data\maps\SlateportCity_BattleTentLobby\scripts.inc;Battle;;11538;309;Onvertaald;Hoog;
scripts.inc;data\maps\Route103\scripts.inc;Maps;Route103;11512;358;Vertaald;Hoog;
easy_chat_group_speech.h;src\data\easy_chat\easy_chat_group_speech.h;Overig;;11343;423;Onvertaald;Hoog;
scripts.inc;data\maps\BattleFrontier_PokemonCenter_1F\scripts.inc;Pokemon;;11334;290;Onvertaald;Hoog;
scripts.inc;data\maps\NavelRock_Unown_Room_1\scripts.inc;Maps;NavelRock;11330;527;Vertaald;Hoog;Dit is de ending van de vertaling :')
scripts.inc;data\maps\NewMauville_Inside\scripts.inc;Maps;NewMauville;11302;273;Onvertaald;Hoog;
scripts.inc;data\maps\FortreeCity_Gym\scripts.inc;Maps;FortreeCity;10961;322;Onvertaald;Hoog;
gabby_and_ty.inc;data\scripts\gabby_and_ty.inc;Overig;;10939;311;Onvertaald;Hoog;
trainer_class_lookups.h;src\data\pokemon\trainer_class_lookups.h;Pokemon;;10846;187;Onvertaald;Hoog;
field_move_scripts.inc;data\scripts\field_move_scripts.inc;Moves;;10761;436;Onvertaald;Hoog;
scripts.inc;data\maps\RustboroCity_Gym\scripts.inc;Maps;RustboroCity;10745;304;Vertaald;Hoog;
scripts.inc;data\maps\SSTidalCorridor\scripts.inc;Maps;SSTidalCorridor;10556;340;Onvertaald;Hoog;
scripts.inc;data\maps\LilycoveCity_LilycoveMuseum_1F\scripts.inc;Maps;LilycoveCity;10397;294;Onvertaald;Hoog;
scripts.inc;data\maps\LilycoveCity_DepartmentStore_1F\scripts.inc;Maps;LilycoveCity;10321;295;Onvertaald;Hoog;
easy_chat_group_hobbies.h;src\data\easy_chat\easy_chat_group_hobbies.h;Overig;;10256;381;Onvertaald;Hoog;
scripts.inc;data\maps\SlateportCity_BattleTentCorridor\scripts.inc;Battle;;10186;277;Onvertaald;Hoog;
scripts.inc;data\maps\LittlerootTown_BrendansHouse_2F\scripts.inc;Maps;LittlerootTown;10171;322;Vertaald;Hoog;
gift_ribbon_descriptions.h;src\data\text\gift_ribbon_descriptions.h;UI;;10171;115;Onvertaald;Hoog;
scripts.inc;data\maps\SeafloorCavern_Room9\scripts.inc;Maps;SeafloorCavern;10153;326;Onvertaald;Hoog;
lilycove_lady.h;src\data\lilycove_lady.h;Overig;;9811;468;Onvertaald;Middel;
scripts.inc;data\maps\BattleFrontier_Lounge1\scripts.inc;Battle;;9707;258;Onvertaald;Middel;
battle_pike.inc;data\scripts\battle_pike.inc;Battle;;9618;245;Onvertaald;Middel;
scripts.inc;data\maps\MeteorFalls_1F_1R\scripts.inc;Maps;MeteorFalls;9240;317;Onvertaald;Middel;
safari_zone.inc;data\scripts\safari_zone.inc;Overig;;9210;294;Onvertaald;Middel;
scripts.inc;data\maps\FallarborTown_BattleTentBattleRoom\scripts.inc;Battle;;9063;242;Onvertaald;Middel;
debug.inc;data\scripts\debug.inc;Overig;;9050;300;Onvertaald;Middel;
scripts.inc;data\maps\SootopolisCity_MysteryEventsHouse_1F\scripts.inc;Maps;SootopolisCity;8987;230;Onvertaald;Middel;
battle_dome.inc;data\text\battle_dome.inc;Battle;;8981;341;Onvertaald;Middel;
scripts.inc;data\maps\Route117\scripts.inc;Maps;Route117;8875;257;Onvertaald;Middel;
scripts.inc;data\maps\Route128\scripts.inc;Maps;Route128;8865;308;Onvertaald;Middel;
surfable_pokemon.h;src\data\object_events\surfable\surfable_pokemon.h;Pokemon;;8834;469;Onvertaald;Middel;
scripts.inc;data\maps\Route118\scripts.inc;Maps;Route118;8793;303;Onvertaald;Middel;
secret_base_trainers.inc;data\text\secret_base_trainers.inc;Trainers;;8791;286;Onvertaald;Middel;
scripts.inc;data\maps\MagmaHideout_3F_1R_Entei\scripts.inc;Maps;MagmaHideout;8685;315;Onvertaald;Middel;
easy_chat_group_lifestyle.h;src\data\easy_chat\easy_chat_group_lifestyle.h;Overig;;8606;318;Onvertaald;Middel;
lifestyle.h;src\data\bard_music\lifestyle.h;Overig;;8529;366;Onvertaald;Middel;
berries.inc;data\text\berries.inc;UI;;8520;239;Onvertaald;Middel;
easy_chat_group_time.h;src\data\easy_chat\easy_chat_group_time.h;Overig;;8518;318;Onvertaald;Middel;
time.h;src\data\bard_music\time.h;Overig;;8433;366;Onvertaald;Middel;
scripts.inc;data\maps\JaggedPass\scripts.inc;Maps;JaggedPass;8367;270;Onvertaald;Middel;
apprentice.inc;data\scripts\apprentice.inc;Overig;;8208;249;Onvertaald;Middel;
scripts.inc;data\maps\LilycoveCity_DepartmentStoreRooftop\scripts.inc;Maps;LilycoveCity;8174;220;Onvertaald;Middel;
decorations.h;src\data\graphics\decorations.h;Overig;;8160;125;Onvertaald;Middel;
easy_chat_group_greetings.h;src\data\easy_chat\easy_chat_group_greetings.h;Overig;;8111;297;Onvertaald;Middel;
scripts.inc;data\maps\MossdeepCity_StevensHouse\scripts.inc;Maps;MossdeepCity;8021;232;Onvertaald;Middel;
greetings.h;src\data\bard_music\greetings.h;Overig;;7936;342;Onvertaald;Middel;
move_tutors.inc;data\text\move_tutors.inc;Moves;;7920;241;Onvertaald;Middel;
easy_chat_group_misc.h;src\data\easy_chat\easy_chat_group_misc.h;Overig;;7883;297;Onvertaald;Middel;
misc.h;src\data\bard_music\misc.h;Overig;;7881;342;Onvertaald;Middel;
scripts.inc;data\maps\OldaleTown_PokemonCenter_3F\scripts.inc;Pokemon;;7555;230;Onvertaald;Middel;
obtain_item.inc;data\scripts\obtain_item.inc;Items;;7530;255;Onvertaald;Middel;
scripts.inc;data\maps\SootopolisCity_LotadAndSeedotHouse\scripts.inc;Maps;SootopolisCity;7330;205;Onvertaald;Middel;
berries.h;src\data\graphics\berries.h;Overig;;7250;95;Onvertaald;Middel;
scripts.inc;data\maps\VictoryRoad_1F\scripts.inc;Maps;VictoryRoad;7238;222;Onvertaald;Middel;
icon.h;src\data\decoration\icon.h;Overig;;7140;124;Onvertaald;Middel;
scripts.inc;data\maps\Route101\scripts.inc;Maps;Route101;7136;306;Vertaald;Middel;
scripts.inc;data\maps\AquaHideout_UnusedRubyMap1\scripts.inc;Maps;AquaHideout;7061;202;Onvertaald;Middel;
easy_chat_group_adjectives.h;src\data\easy_chat\easy_chat_group_adjectives.h;Overig;;6999;255;Onvertaald;Middel;
scripts.inc;data\maps\MagmaHideout_4F\scripts.inc;Maps;MagmaHideout;6985;234;Onvertaald;Middel;
scripts.inc;data\maps\VerdanturfTown_BattleTentBattleRoom\scripts.inc;Battle;;6981;179;Onvertaald;Middel;
scripts.inc;data\maps\Route114\scripts.inc;Maps;Route114;6863;204;Onvertaald;Middel;
adjectives.h;src\data\bard_music\adjectives.h;Overig;;6851;294;Onvertaald;Middel;
scripts.inc;data\maps\MeteorFalls_1F_2R\scripts.inc;Maps;MeteorFalls;6842;185;Onvertaald;Middel;
scripts.inc;data\maps\PacifidlogTown_House2\scripts.inc;Maps;PacifidlogTown;6838;188;Onvertaald;Middel;
scripts.inc;data\maps\Route123\scripts.inc;Maps;Route123;6739;200;Onvertaald;Middel;
tilemaps.h;src\data\decoration\tilemaps.h;Overig;;6721;241;Onvertaald;Middel;
scripts.inc;data\maps\SootopolisCity_Gym_B1F\scripts.inc;Maps;SootopolisCity;6642;183;Onvertaald;Middel;
region_map_layout.h;src\data\region_map\region_map_layout.h;Overig;;6552;17;Onvertaald;Middel;
scripts.inc;data\maps\BattleFrontier_Lounge5\scripts.inc;Battle;;6536;203;Onvertaald;Middel;
scripts.inc;data\maps\RustboroCity_Flat1_2F\scripts.inc;Maps;RustboroCity;6505;178;Vertaald;Middel;
scripts.inc;data\maps\ShoalCave_LowTideIceRoom_Suicune\scripts.inc;Maps;ShoalCave;6479;212;Onvertaald;Middel;
scripts.inc;data\maps\FarawayIsland_Interior\scripts.inc;Maps;FarawayIsland;6468;204;Onvertaald;Middel;
cry_ids.h;src\data\pokemon\cry_ids.h;Pokemon;;6457;184;Onvertaald;Middel;
scripts.inc;data\maps\BattleFrontier_BattleTowerMultiCorridor\scripts.inc;Battle;;6453;174;Onvertaald;Middel;
pkmn_center_nurse.inc;data\scripts\pkmn_center_nurse.inc;Overig;;6425;194;Onvertaald;Middel;
rayquaza_scene.h;src\data\graphics\rayquaza_scene.h;Overig;;6419;62;Onvertaald;Middel;
field_effect_object_template_pointers.h;src\data\field_effects\field_effect_object_template_pointers.h;Overig;;6410;84;Onvertaald;Middel;
battle_scripts_2.s;data\battle_scripts_2.s;Battle;;6396;208;Onvertaald;Middel;
easy_chat_group_trendy_saying.h;src\data\easy_chat\easy_chat_group_trendy_saying.h;Overig;;6355;234;Onvertaald;Middel;
scripts.inc;data\maps\MeteorFalls_StevensCave\scripts.inc;Maps;MeteorFalls;6316;164;Onvertaald;Middel;
trendysaying.h;src\data\bard_music\trendysaying.h;Overig;;6290;270;Onvertaald;Middel;
pokemon_news.inc;data\text\pokemon_news.inc;Pokemon;;6282;165;Onvertaald;Middel;
scripts.inc;data\maps\SkyPillar_Top\scripts.inc;Maps;SkyPillar;6268;226;Onvertaald;Middel;
scripts.inc;data\maps\Route109_SeashoreHouse\scripts.inc;Maps;Route109;6186;177;Onvertaald;Middel;
scripts.inc;data\maps\SSTidalRooms\scripts.inc;Maps;SSTidalRooms;6072;189;Onvertaald;Middel;
scripts.inc;data\maps\Route104_MrBrineysHouse\scripts.inc;Maps;Route104;6050;165;Vertaald;Middel;
easy_chat_group_pokemon2.h;src\data\easy_chat\easy_chat_group_pokemon2.h;Pokemon;;6025;280;Onvertaald;Middel;
scripts.inc;data\maps\VerdanturfTown_WandasHouse\scripts.inc;Maps;VerdanturfTown;6011;168;Onvertaald;Middel;
shared_secret_base.inc;data\scripts\shared_secret_base.inc;Overig;;6006;215;Onvertaald;Middel;
scripts.inc;data\maps\Route104_PrettyPetalFlowerShop\scripts.inc;Maps;Route104;5998;177;Vertaald;Middel;
scripts.inc;data\maps\AbandonedShip_Rooms2_1F\scripts.inc;Maps;AbandonedShip;5989;151;Onvertaald;Middel;
scripts.inc;data\maps\AbandonedShip_HiddenFloorCorridors\scripts.inc;Maps;AbandonedShip;5972;157;Onvertaald;Middel;
scripts.inc;data\maps\EverGrandeCity_SidneysRoom\scripts.inc;Maps;EverGrandeCity;5893;157;Onvertaald;Middel;
berry_tree.inc;data\scripts\berry_tree.inc;Overig;;5853;209;Onvertaald;Middel;
scripts.inc;data\maps\Route121\scripts.inc;Maps;Route121;5755;194;Onvertaald;Middel;
easy_chat_groups.h;src\data\easy_chat\easy_chat_groups.h;Overig;;5691;159;Onvertaald;Middel;
scripts.inc;data\maps\NewMauville_Inside_Raikou\scripts.inc;Maps;NewMauville;5686;192;Onvertaald;Middel;
scripts.inc;data\maps\LilycoveCity_House3\scripts.inc;Maps;LilycoveCity;5676;168;Onvertaald;Middel;
scripts.inc;data\maps\Route123_BerryMastersHouse\scripts.inc;Maps;Route123;5670;133;Onvertaald;Middel;
easy_chat_group_events.h;src\data\easy_chat\easy_chat_group_events.h;Events;;5612;206;Onvertaald;Middel;
scripts.inc;data\maps\ShoalCave_LowTideInnerRoom\scripts.inc;Maps;ShoalCave;5525;138;Onvertaald;Middel;
events.h;src\data\bard_music\events.h;Events;;5513;238;Onvertaald;Middel;
scripts.inc;data\maps\Route113\scripts.inc;Maps;Route113;5440;168;Onvertaald;Middel;
scripts.inc;data\maps\LilycoveCity_DepartmentStoreElevator\scripts.inc;Maps;LilycoveCity;5408;124;Onvertaald;Middel;
scripts.inc;data\maps\BattleFrontier_BattlePalaceCorridor\scripts.inc;Battle;;5397;151;Onvertaald;Middel;
scripts.inc;data\maps\EverGrandeCity_DrakesRoom\scripts.inc;Maps;EverGrandeCity;5392;138;Onvertaald;Middel;
scripts.inc;data\maps\NavelRock_UnownChamber\scripts.inc;Maps;NavelRock;5333;176;Vertaald;Middel;
scripts.inc;data\maps\AquaHideout_B1F\scripts.inc;Maps;AquaHideout;5324;160;Onvertaald;Middel;
profile_man.inc;data\scripts\profile_man.inc;Overig;;5264;166;Onvertaald;Middel;
scripts.inc;data\maps\SlateportCity_SternsShipyard_1F\scripts.inc;Maps;SlateportCity;5258;143;Onvertaald;Middel;
scripts.inc;data\maps\Route119_WeatherInstitute_1F\scripts.inc;Maps;Route119;5241;145;Onvertaald;Middel;
scripts.inc;data\maps\FallarborTown_CozmosHouse\scripts.inc;Maps;FallarborTown;5228;137;Onvertaald;Middel;
scripts.inc;data\maps\Route115\scripts.inc;Maps;Route115;5226;147;Onvertaald;Middel;
scripts.inc;data\maps\NavelRock_Fork\scripts.inc;Maps;NavelRock;5221;156;Vertaald;Middel;
easy_chat_group_trainer.h;src\data\easy_chat\easy_chat_group_trainer.h;Trainers;;5159;192;Onvertaald;Middel;
scripts.inc;data\maps\LilycoveCity_DepartmentStore_5F\scripts.inc;Maps;LilycoveCity;5153;172;Onvertaald;Middel;
trainer.h;src\data\bard_music\trainer.h;Trainers;;5088;222;Onvertaald;Middel;
scripts.inc;data\maps\EverGrandeCity_GlaciasRoom\scripts.inc;Maps;EverGrandeCity;5015;127;Onvertaald;Middel;
scripts.inc;data\maps\RustboroCity_DevonCorp_1F\scripts.inc;Maps;RustboroCity;5008;144;Vertaald;Middel;
scripts.inc;data\maps\PetalburgCity_WallysHouse\scripts.inc;Maps;PetalburgCity;4993;137;Vertaald;Middel;
scripts.inc;data\maps\AquaHideout_UnusedRubyMap2\scripts.inc;Maps;AquaHideout;4985;138;Onvertaald;Middel;
scripts.inc;data\maps\AquaHideout_B2F\scripts.inc;Maps;AquaHideout;4984;162;Onvertaald;Middel;
scripts.inc;data\maps\EverGrandeCity_PhoebesRoom\scripts.inc;Maps;EverGrandeCity;4944;127;Onvertaald;Middel;
scripts.inc;data\maps\EverGrandeCity_PokemonLeague_1F\scripts.inc;Pokemon;;4881;155;Onvertaald;Middel;
braille.inc;data\text\braille.inc;UI;;4768;192;Onvertaald;Middel;
scripts.inc;data\maps\SkyPillar_Outside\scripts.inc;Maps;SkyPillar;4721;172;Onvertaald;Middel;
scripts.inc;data\maps\LilycoveCity_CoveLilyMotel_2F\scripts.inc;Maps;LilycoveCity;4720;136;Onvertaald;Middel;
scripts.inc;data\maps\Route110_TrickHousePuzzle2\scripts.inc;Maps;Route110;4702;141;Onvertaald;Middel;
easy_chat_group_pokemon.h;src\data\easy_chat\easy_chat_group_pokemon.h;Pokemon;;4673;220;Onvertaald;Middel;
scripts.inc;data\maps\Route112\scripts.inc;Maps;Route112;4636;147;Onvertaald;Middel;
scripts.inc;data\maps\LilycoveCity_CoveLilyMotel_1F\scripts.inc;Maps;LilycoveCity;4593;131;Onvertaald;Middel;
trainer_battle.inc;data\scripts\trainer_battle.inc;Trainers;;4565;157;Onvertaald;Middel;
scripts.inc;data\maps\SouthernIsland_Interior\scripts.inc;Maps;SouthernIsland;4525;149;Onvertaald;Middel;
scripts.inc;data\maps\FortreeCity\scripts.inc;Maps;FortreeCity;4498;155;Onvertaald;Middel;
slot_machine.h;src\data\graphics\slot_machine.h;Overig;;4414;57;Onvertaald;Middel;
easy_chat_group_move_2.h;src\data\easy_chat\easy_chat_group_move_2.h;Moves;;4362;217;Onvertaald;Middel;
sliding_puzzles.h;src\data\sliding_puzzles.h;Overig;;4338;91;Onvertaald;Middel;
scripts.inc;data\maps\SlateportCity_NameRatersHouse\scripts.inc;Maps;SlateportCity;4326;111;Onvertaald;Middel;
scripts.inc;data\maps\ShoalCave_LowTideEntranceRoom\scripts.inc;Maps;ShoalCave;4310;102;Onvertaald;Middel;
scripts.inc;data\maps\Route121_SafariZoneEntrance\scripts.inc;Maps;Route121;4284;131;Onvertaald;Middel;
scripts.inc;data\maps\MtPyre_2F\scripts.inc;Maps;MtPyre;4241;136;Onvertaald;Middel;
scripts.inc;data\maps\SafariZone_South\scripts.inc;Maps;SafariZone;4226;154;Onvertaald;Middel;
scripts.inc;data\maps\BirthIsland_Exterior\scripts.inc;Maps;BirthIsland;4149;128;Onvertaald;Middel;
scripts.inc;data\maps\BattleFrontier_RankingHall\scripts.inc;Battle;;4124;134;Onvertaald;Middel;
scripts.inc;data\maps\IslandCave\scripts.inc;Maps;IslandCave;4118;128;Onvertaald;Middel;
scripts.inc;data\maps\CaveOfOrigin_B1F\scripts.inc;Maps;CaveOfOrigin;4072;120;Onvertaald;Middel;
ribbon_descriptions.h;src\data\text\ribbon_descriptions.h;UI;;4045;48;Onvertaald;Middel;
scripts.inc;data\maps\VerdanturfTown\scripts.inc;Maps;VerdanturfTown;4038;135;Onvertaald;Middel;
scripts.inc;data\maps\FallarborTown_MoveRelearnersHouse\scripts.inc;Moves;;3999;99;Onvertaald;Middel;
scripts.inc;data\maps\VictoryRoad_B2F\scripts.inc;Maps;VictoryRoad;3980;123;Onvertaald;Middel;
scripts.inc;data\maps\NavelRock_Top\scripts.inc;Maps;NavelRock;3956;156;Vertaald;Middel;"""NAVEL ROCK""' LOCATIE NIET VERTAALD!"
scripts.inc;data\maps\LilycoveCity_MoveDeletersHouse\scripts.inc;Moves;;3951;108;Onvertaald;Middel;
scripts.inc;data\maps\Route111_WinstrateFamilysHouse\scripts.inc;Maps;Route111;3908;107;Onvertaald;Middel;
scripts.inc;data\maps\AbandonedShip_HiddenFloorRooms\scripts.inc;Maps;AbandonedShip;3894;119;Onvertaald;Middel;
scripts.inc;data\maps\AquaHideout_1F\scripts.inc;Maps;AquaHideout;3870;119;Onvertaald;Middel;
scripts.inc;data\maps\Route105\scripts.inc;Maps;Route105;3846;99;Onvertaald;Middel;
scripts.inc;data\maps\GraniteCave_StevensRoom\scripts.inc;Maps;GraniteCave;3822;123;Onvertaald;Middel;
scripts.inc;data\maps\Route125\scripts.inc;Maps;Route125;3813;99;Onvertaald;Middel;
change_deoxys_form.inc;data\scripts\change_deoxys_form.inc;Overig;;3807;137;Onvertaald;Middel;
scripts.inc;data\maps\Route124\scripts.inc;Maps;Route124;3804;106;Onvertaald;Middel;
scripts.inc;data\maps\Route114_LanettesHouse\scripts.inc;Maps;Route114;3746;104;Onvertaald;Middel;
scripts.inc;data\maps\VerdanturfTown_FriendshipRatersHouse\scripts.inc;Maps;VerdanturfTown;3694;104;Onvertaald;Middel;
birch_speech.inc;data\text\birch_speech.inc;UI;;3657;111;Onvertaald;Middel;
pokedex_rating.inc;data\text\pokedex_rating.inc;Pokedex;;3573;115;Onvertaald;Middel;
scripts.inc;data\maps\SlateportCity_BattleTentBattleRoom\scripts.inc;Battle;;3528;105;Onvertaald;Middel;
scripts.inc;data\maps\BattleFrontier_BattleDomeCorridor\scripts.inc;Battle;;3513;151;Onvertaald;Middel;
back_pic_anims.h;src\data\trainer_graphics\back_pic_anims.h;Trainers;;3477;157;Onvertaald;Middel;
scripts.inc;data\maps\Route102\scripts.inc;Maps;Route102;3471;111;Vertaald;Middel;
scripts.inc;data\maps\Route114_FossilManiacsTunnel\scripts.inc;Maps;Route114;3448;93;Onvertaald;Middel;
word_pitch.h;src\data\bard_music\word_pitch.h;Overig;;3416;55;Onvertaald;Middel;
scripts.inc;data\maps\NavelRock_Bottom\scripts.inc;Maps;NavelRock;3399;121;Vertaald;Middel;"""NAVEL ROCK""' LOCATIE NIET VERTAALD!"
scripts.inc;data\maps\SeafloorCavern_Entrance\scripts.inc;Maps;SeafloorCavern;3357;90;Onvertaald;Middel;
trainer_class_names.h;src\data\text\trainer_class_names.h;Trainers;;3318;69;Onvertaald;Middel;
elite_four.inc;data\scripts\elite_four.inc;Overig;;3302;62;Onvertaald;Middel;
scripts.inc;data\maps\EverGrandeCity_HallOfFame\scripts.inc;Maps;EverGrandeCity;3289;99;Onvertaald;Middel;
scripts.inc;data\maps\MtPyre_3F\scripts.inc;Maps;MtPyre;3279;101;Onvertaald;Middel;
scripts.inc;data\maps\FallarborTown_PokemonCenter_1F\scripts.inc;Pokemon;;3269;114;Onvertaald;Middel;
back_pic_tables.h;src\data\trainer_graphics\back_pic_tables.h;Trainers;;3263;72;Onvertaald;Middel;
intro_scene.h;src\data\graphics\intro_scene.h;Overig;;3250;47;Onvertaald;Middel;
scripts.inc;data\maps\PetalburgCity_PokemonCenter_1F\scripts.inc;Pokemon;;3236;96;Onvertaald;Middel;
battle_frontier_exchange_corner.h;src\data\battle_frontier\battle_frontier_exchange_corner.h;Battle;;3203;99;Onvertaald;Middel;
scripts.inc;data\maps\Route110_TrickHousePuzzle6\scripts.inc;Maps;Route110;3195;87;Onvertaald;Middel;
scripts.inc;data\maps\EverGrandeCity_PokemonCenter_1F\scripts.inc;Pokemon;;3191;101;Onvertaald;Middel;
scripts.inc;data\maps\BattleFrontier_Mart\scripts.inc;Battle;;3145;140;Onvertaald;Middel;
scripts.inc;data\maps\VictoryRoad_B1F\scripts.inc;Maps;VictoryRoad;3117;93;Onvertaald;Middel;
scripts.inc;data\maps\Route127\scripts.inc;Maps;Route127;3096;80;Onvertaald;Middel;
scripts.inc;data\maps\PacifidlogTown_House3\scripts.inc;Maps;PacifidlogTown;3080;89;Onvertaald;Middel;
scripts.inc;data\maps\FortreeCity_House1\scripts.inc;Maps;FortreeCity;3076;98;Onvertaald;Middel;
easy_chat_group_move_1.h;src\data\easy_chat\easy_chat_group_move_1.h;Moves;;3076;158;Onvertaald;Middel;
scripts.inc;data\maps\BattleFrontier_BattleTowerElevator\scripts.inc;Battle;;3025;88;Onvertaald;Middel;
scripts.inc;data\maps\AbandonedShip_Corridors_B1F\scripts.inc;Maps;AbandonedShip;3019;88;Onvertaald;Middel;
prof_birch.inc;data\scripts\prof_birch.inc;Overig;;2936;78;Onvertaald;Laag;
mail.h;src\data\graphics\mail.h;Overig;;2905;38;Onvertaald;Laag;
scripts.inc;data\maps\FortreeCity_House4\scripts.inc;Maps;FortreeCity;2885;97;Onvertaald;Laag;
scripts.inc;data\maps\MossdeepCity_GameCorner_1F\scripts.inc;Maps;MossdeepCity;2880;87;Onvertaald;Laag;
secret_power_tm.inc;data\scripts\secret_power_tm.inc;Overig;;2875;100;Onvertaald;Laag;
lottery_corner.inc;data\text\lottery_corner.inc;UI;;2875;77;Onvertaald;Laag;
scripts.inc;data\maps\AncientTomb\scripts.inc;Maps;AncientTomb;2867;96;Onvertaald;Laag;
scripts.inc;data\maps\AbandonedShip_Rooms_1F\scripts.inc;Maps;AbandonedShip;2861;79;Onvertaald;Laag;
scripts.inc;data\maps\RustboroCity_House1\scripts.inc;Maps;RustboroCity;2853;83;Vertaald;Laag;
scripts.inc;data\maps\MagmaHideout_2F_2R\scripts.inc;Maps;MagmaHideout;2846;80;Onvertaald;Laag;
scripts.inc;data\maps\Route112_CableCarStation\scripts.inc;Maps;Route112;2831;98;Onvertaald;Laag;
scripts.inc;data\maps\DesertRuins\scripts.inc;Maps;DesertRuins;2830;96;Onvertaald;Laag;
scripts.inc;data\maps\MtChimney_CableCarStation\scripts.inc;Maps;MtChimney;2828;97;Onvertaald;Laag;
scripts.inc;data\maps\SealedChamber_OuterRoom\scripts.inc;Maps;SealedChamber;2826;107;Onvertaald;Laag;
scripts.inc;data\maps\FortreeCity_House2\scripts.inc;Maps;FortreeCity;2806;81;Onvertaald;Laag;
blend_master.inc;data\text\blend_master.inc;UI;;2800;85;Onvertaald;Laag;
city_map_entries.h;src\data\region_map\city_map_entries.h;Overig;;2783;113;Onvertaald;Laag;
scripts.inc;data\maps\Route110_TrickHousePuzzle1\scripts.inc;Maps;Route110;2747;77;Onvertaald;Laag;
scripts.inc;data\maps\FallarborTown\scripts.inc;Maps;FallarborTown;2697;95;Onvertaald;Laag;
crt0.s;src\crt0.s;Overig;;2697;126;Onvertaald;Laag;
scripts.inc;data\maps\BattleFrontier_Lounge6\scripts.inc;Battle;;2625;77;Onvertaald;Laag;
scripts.inc;data\maps\SootopolisCity_PokemonCenter_1F\scripts.inc;Pokemon;;2586;72;Onvertaald;Laag;
tv.inc;data\scripts\tv.inc;Overig;;2582;85;Onvertaald;Laag;
scripts.inc;data\maps\MagmaHideout_2F_1R\scripts.inc;Maps;MagmaHideout;2557;77;Onvertaald;Laag;
scripts.inc;data\maps\Route110_TrickHousePuzzle8\scripts.inc;Maps;Route110;2521;71;Onvertaald;Laag;
heal_locations.h;src\data\heal_locations.h;Overig;;2512;25;Onvertaald;Laag;
scripts.inc;data\maps\Route110_TrickHousePuzzle4\scripts.inc;Maps;Route110;2500;70;Onvertaald;Laag;
city_map_tilemaps.h;src\data\region_map\city_map_tilemaps.h;Overig;;2491;22;Onvertaald;Laag;
set_gym_trainers.inc;data\scripts\set_gym_trainers.inc;Trainers;;2489;92;Onvertaald;Laag;
event_ticket_2.inc;data\text\event_ticket_2.inc;Events;;2469;71;Onvertaald;Laag;
scripts.inc;data\maps\MirageTower_4F\scripts.inc;Maps;MirageTower;2373;82;Onvertaald;Laag;
trick_house_mechadolls.inc;data\text\trick_house_mechadolls.inc;UI;;2350;134;Onvertaald;Laag;
scripts.inc;data\maps\TrainerHill_Roof\scripts.inc;Trainers;;2329;67;Onvertaald;Laag;
scripts.inc;data\maps\LilycoveCity_PokemonCenter_1F\scripts.inc;Pokemon;;2328;68;Onvertaald;Laag;
scripts.inc;data\maps\SootopolisCity_MysteryEventsHouse_B1F\scripts.inc;Maps;SootopolisCity;2322;75;Onvertaald;Laag;
scripts.inc;data\maps\CaveOfOrigin_UnusedRubySapphireMap1\scripts.inc;Maps;CaveOfOrigin;2318;68;Onvertaald;Laag;
scripts.inc;data\maps\VerdanturfTown_BattleTentCorridor\scripts.inc;Battle;;2317;76;Onvertaald;Laag;
nature_names.h;src\data\text\nature_names.h;UI;;2304;54;Onvertaald;Laag;
scripts.inc;data\maps\Route126\scripts.inc;Maps;Route126;2296;66;Onvertaald;Laag;
scripts.inc;data\maps\VictoryRoad_Moltres2\scripts.inc;Maps;VictoryRoad;2289;73;Onvertaald;Laag;
frontier_brain.inc;data\text\frontier_brain.inc;UI;;2289;108;Onvertaald;Laag;
scripts.inc;data\maps\Route110_SeasideCyclingRoadSouthEntrance\scripts.inc;Maps;Route110;2284;65;Onvertaald;Laag;
scripts.inc;data\maps\FortreeCity_PokemonCenter_1F\scripts.inc;Pokemon;;2283;70;Onvertaald;Laag;
scripts.inc;data\maps\Route116_TunnelersRestHouse\scripts.inc;Maps;Route116;2271;62;Onvertaald;Laag;
hall_of_fame.inc;data\scripts\hall_of_fame.inc;Overig;;2259;51;Onvertaald;Laag;
scripts.inc;data\maps\MtPyre_6F\scripts.inc;Maps;MtPyre;2250;71;Onvertaald;Laag;
scripts.inc;data\maps\RustboroCity_PokemonCenter_1F\scripts.inc;Pokemon;;2241;66;Onvertaald;Laag;
scripts.inc;data\maps\TrainerHill_Elevator\scripts.inc;Trainers;;2240;90;Onvertaald;Laag;
scripts.inc;data\maps\TerraCave_End\scripts.inc;Maps;TerraCave;2238;79;Onvertaald;Laag;
scripts.inc;data\maps\GraniteCave_B2F\scripts.inc;Maps;GraniteCave;2235;64;Onvertaald;Laag;
scripts.inc;data\maps\MarineCave_End\scripts.inc;Maps;MarineCave;2233;79;Onvertaald;Laag;
scripts.inc;data\maps\NewMauville_Entrance\scripts.inc;Maps;NewMauville;2216;58;Onvertaald;Laag;
scripts.inc;data\maps\MeteorFalls_Articuno\scripts.inc;Maps;MeteorFalls;2204;71;Onvertaald;Laag;
scripts.inc;data\maps\PetalburgCity_Mart\scripts.inc;Maps;PetalburgCity;2203;89;Vertaald;Laag;
enemy_mon_elevation.h;src\data\pokemon_graphics\enemy_mon_elevation.h;Pokemon;;2199;78;Onvertaald;Laag;
scripts.inc;data\maps\CaveOfOrigin_UnusedRubySapphireMap2\scripts.inc;Maps;CaveOfOrigin;2190;61;Onvertaald;Laag;
scripts.inc;data\maps\UnionRoom\scripts.inc;Maps;UnionRoom;2183;109;Onvertaald;Laag;
scripts.inc;data\maps\SealedChamber_InnerRoom\scripts.inc;Maps;SealedChamber;2180;87;Onvertaald;Laag;
scripts.inc;data\maps\Route111_OldLadysRestStop\scripts.inc;Maps;Route111;2179;61;Onvertaald;Laag;
scripts.inc;data\maps\RustboroCity_Mart\scripts.inc;Maps;RustboroCity;2178;84;Vertaald;Laag;
scripts.inc;data\maps\SootopolisCity_Mart\scripts.inc;Maps;SootopolisCity;2172;81;Onvertaald;Laag;
scripts.inc;data\maps\BattleFrontier_BattleTowerCorridor\scripts.inc;Battle;;2158;56;Onvertaald;Laag;
scripts.inc;data\maps\BattleFrontier_BattleArenaCorridor\scripts.inc;Battle;;2155;92;Onvertaald;Laag;
scripts.inc;data\maps\MauvilleCity_House2\scripts.inc;Maps;MauvilleCity;2155;65;Onvertaald;Laag;
kecleon.inc;data\scripts\kecleon.inc;Overig;;2135;111;Onvertaald;Laag;
scripts.inc;data\maps\LilycoveCity_DepartmentStore_2F\scripts.inc;Maps;LilycoveCity;2128;84;Onvertaald;Laag;
scripts.inc;data\maps\FallarborTown_BattleTentCorridor\scripts.inc;Battle;;2121;70;Onvertaald;Laag;
scripts.inc;data\maps\MagmaHideout_1F\scripts.inc;Maps;MagmaHideout;2121;65;Onvertaald;Laag;
scripts.inc;data\maps\Route129\scripts.inc;Maps;Route129;2081;51;Onvertaald;Laag;
scripts.inc;data\maps\Route107\scripts.inc;Maps;Route107;2078;56;Onvertaald;Laag;
scripts.inc;data\maps\ScorchedSlab_Zapdos\scripts.inc;Maps;ScorchedSlab;2066;69;Onvertaald;Laag;
questionnaire.inc;data\scripts\questionnaire.inc;Overig;;2066;57;Onvertaald;Laag;
scripts.inc;data\maps\Route131\scripts.inc;Maps;Route131;2061;59;Onvertaald;Laag;
scripts.inc;data\maps\SeafloorCavern_Room3\scripts.inc;Maps;SeafloorCavern;2050;58;Onvertaald;Laag;
scripts.inc;data\maps\OldaleTown_PokemonCenter_1F\scripts.inc;Pokemon;;2047;64;Onvertaald;Laag;
contest_painting.inc;data\text\contest_painting.inc;UI;;2029;96;Onvertaald;Laag;
scripts.inc;data\maps\LilycoveCity_DepartmentStore_3F\scripts.inc;Maps;LilycoveCity;2028;76;Onvertaald;Laag;
scripts.inc;data\maps\LavaridgeTown_Gym_B1F\scripts.inc;Maps;LavaridgeTown;2027;49;Onvertaald;Laag;
scripts.inc;data\maps\MagmaHideout_3F_1R\scripts.inc;Maps;MagmaHideout;2027;61;Onvertaald;Laag;
scripts.inc;data\maps\InsideOfTruck\scripts.inc;Maps;InsideOfTruck;2016;57;Onvertaald;Laag;
scripts.inc;data\maps\CeruleanCave3\scripts.inc;Maps;CeruleanCave3;2004;69;Onvertaald;Laag;
scripts.inc;data\maps\ShoalCave_LowTideLowerRoom\scripts.inc;Maps;ShoalCave;2002;58;Onvertaald;Laag;
pc.inc;data\scripts\pc.inc;Overig;;1995;83;Onvertaald;Laag;
shoal_cave.inc;data\text\shoal_cave.inc;UI;;1981;53;Onvertaald;Laag;
trainer_hill.inc;data\scripts\trainer_hill.inc;Trainers;;1979;68;Onvertaald;Laag;
scripts.inc;data\maps\LilycoveCity_DepartmentStore_4F\scripts.inc;Maps;LilycoveCity;1973;72;Onvertaald;Laag;
scripts.inc;data\maps\Underwater_SeafloorCavern\scripts.inc;Maps;Underwater;1961;50;Onvertaald;Laag;
scripts.inc;data\maps\LavaridgeTown_HerbShop\scripts.inc;Maps;LavaridgeTown;1951;66;Onvertaald;Laag;
scripts.inc;data\maps\OldaleTown_Mart\scripts.inc;Maps;OldaleTown;1938;78;Vertaald;Laag;
bard_sounds.h;src\data\bard_music\bard_sounds.h;Overig;;1936;52;Onvertaald;Laag;
gift_pichu.inc;data\scripts\gift_pichu.inc;Overig;;1927;82;Onvertaald;Laag;
scripts.inc;data\maps\RustboroCity_CuttersHouse\scripts.inc;Maps;RustboroCity;1926;52;Vertaald;Laag;
scripts.inc;data\maps\BattleFrontier_BattlePikeCorridor\scripts.inc;Battle;;1922;62;Onvertaald;Laag;
scripts.inc;data\maps\MossdeepCity_House2\scripts.inc;Maps;MossdeepCity;1883;70;Onvertaald;Laag;
scripts.inc;data\maps\FortreeCity_DecorationShop\scripts.inc;Maps;FortreeCity;1879;72;Onvertaald;Laag;
scripts.inc;data\maps\Route134\scripts.inc;Maps;Route134;1877;55;Onvertaald;Laag;
scripts.inc;data\maps\Route114_FossilManiacsHouse\scripts.inc;Maps;Route114;1865;54;Onvertaald;Laag;
pokeballs.h;src\data\graphics\pokeballs.h;Overig;;1865;37;Onvertaald;Laag;
scripts.inc;data\maps\MtPyre_1F\scripts.inc;Maps;MtPyre;1840;60;Onvertaald;Laag;
scripts.inc;data\maps\Route108\scripts.inc;Maps;Route108;1838;51;Onvertaald;Laag;
scripts.inc;data\maps\MauvilleCity_PokemonCenter_1F\scripts.inc;Pokemon;;1829;56;Onvertaald;Laag;
scripts.inc;data\maps\DewfordTown_House2\scripts.inc;Maps;DewfordTown;1781;58;Onvertaald;Laag;
roulette.inc;data\scripts\roulette.inc;Overig;;1765;67;Onvertaald;Laag;
pkmn_center_nurse.inc;data\text\pkmn_center_nurse.inc;UI;;1746;56;Onvertaald;Laag;
scripts.inc;data\maps\SootopolisCity_House6\scripts.inc;Maps;SootopolisCity;1737;53;Onvertaald;Laag;
berry_fix.h;src\data\graphics\berry_fix.h;Overig;;1735;23;Onvertaald;Laag;
scripts.inc;data\maps\Route130\scripts.inc;Maps;Route130;1721;52;Onvertaald;Laag;
scripts.inc;data\maps\Route106\scripts.inc;Maps;Route106;1692;50;Onvertaald;Laag;
scripts.inc;data\maps\MossdeepCity_House4\scripts.inc;Maps;MossdeepCity;1691;61;Onvertaald;Laag;
scripts.inc;data\maps\LavaridgeTown_PokemonCenter_1F\scripts.inc;Pokemon;;1645;50;Onvertaald;Laag;
scripts.inc;data\maps\MossdeepCity_Mart\scripts.inc;Maps;MossdeepCity;1643;65;Onvertaald;Laag;
scripts.inc;data\maps\FallarborTown_Mart\scripts.inc;Maps;FallarborTown;1633;70;Onvertaald;Laag;
scripts.inc;data\maps\BattleFrontier_BattlePikeRoomWildMons\scripts.inc;Battle;;1626;42;Onvertaald;Laag;
mauville_man.inc;data\text\mauville_man.inc;UI;;1615;63;Onvertaald;Laag;
scripts.inc;data\maps\PacifidlogTown\scripts.inc;Maps;PacifidlogTown;1614;56;Onvertaald;Laag;
movement.inc;data\scripts\movement.inc;Moves;;1611;107;Onvertaald;Laag;
scripts.inc;data\maps\Route132\scripts.inc;Maps;Route132;1608;45;Onvertaald;Laag;
scripts.inc;data\maps\MossdeepCity_House3\scripts.inc;Maps;MossdeepCity;1592;50;Onvertaald;Laag;
scripts.inc;data\maps\PacifidlogTown_House4\scripts.inc;Maps;PacifidlogTown;1587;53;Onvertaald;Laag;
gift_old_sea_map.inc;data\scripts\gift_old_sea_map.inc;Overig;;1579;58;Onvertaald;Laag;
scripts.inc;data\maps\PacifidlogTown_PokemonCenter_1F\scripts.inc;Pokemon;;1571;50;Onvertaald;Laag;
gift_mystic_ticket.inc;data\scripts\gift_mystic_ticket.inc;Overig;;1562;58;Onvertaald;Laag;
scripts.inc;data\maps\VerdanturfTown_Mart\scripts.inc;Maps;VerdanturfTown;1559;62;Onvertaald;Laag;
scripts.inc;data\maps\MauvilleCity_House1\scripts.inc;Maps;MauvilleCity;1540;46;Onvertaald;Laag;
scripts.inc;data\maps\Route110_SeasideCyclingRoadNorthEntrance\scripts.inc;Maps;Route110;1539;49;Onvertaald;Laag;
scripts.inc;data\maps\SlateportCity_Mart\scripts.inc;Maps;SlateportCity;1520;65;Onvertaald;Laag;
gift_aurora_ticket.inc;data\scripts\gift_aurora_ticket.inc;Overig;;1511;57;Onvertaald;Laag;
pc_transfer.inc;data\scripts\pc_transfer.inc;Overig;;1497;50;Onvertaald;Laag;
scripts.inc;data\maps\AbandonedShip_CaptainsOffice\scripts.inc;Maps;AbandonedShip;1486;41;Onvertaald;Laag;
gift_trainer.inc;data\scripts\gift_trainer.inc;Trainers;;1455;48;Onvertaald;Laag;
scripts.inc;data\maps\SouthernIsland_Exterior\scripts.inc;Maps;SouthernIsland;1453;57;Onvertaald;Laag;
scripts.inc;data\maps\BattleFrontier_Lounge8\scripts.inc;Battle;;1427;45;Onvertaald;Laag;
scripts.inc;data\maps\Route133\scripts.inc;Maps;Route133;1413;40;Onvertaald;Laag;
scripts.inc;data\maps\VerdanturfTown_PokemonCenter_1F\scripts.inc;Pokemon;;1390;44;Onvertaald;Laag;
scripts.inc;data\maps\GraniteCave_1F\scripts.inc;Maps;GraniteCave;1389;41;Onvertaald;Laag;
questionnaire.inc;data\text\questionnaire.inc;UI;;1383;43;Onvertaald;Laag;
scripts.inc;data\maps\MauvilleCity_Mart\scripts.inc;Maps;MauvilleCity;1366;57;Onvertaald;Laag;
gift_battle_card.inc;data\scripts\gift_battle_card.inc;Battle;;1364;45;Onvertaald;Laag;
scripts.inc;data\maps\BattleFrontier_BattlePikeRoomFinal\scripts.inc;Battle;;1355;42;Onvertaald;Laag;
scripts.inc;data\maps\SlateportCity_PokemonCenter_1F\scripts.inc;Pokemon;;1355;42;Onvertaald;Laag;
scripts.inc;data\maps\FortreeCity_Mart\scripts.inc;Maps;FortreeCity;1340;58;Onvertaald;Laag;
scripts.inc;data\maps\PacifidlogTown_House5\scripts.inc;Maps;PacifidlogTown;1329;40;Onvertaald;Laag;
scripts.inc;data\maps\SootopolisCity_House3\scripts.inc;Maps;SootopolisCity;1329;42;Onvertaald;Laag;
event_ticket_1.inc;data\text\event_ticket_1.inc;Events;;1328;41;Onvertaald;Laag;
scripts.inc;data\maps\SSTidalLowerDeck\scripts.inc;Maps;SSTidalLowerDeck;1320;39;Onvertaald;Laag;
scripts.inc;data\maps\DewfordTown_PokemonCenter_1F\scripts.inc;Pokemon;;1281;42;Onvertaald;Laag;
scripts.inc;data\maps\SootopolisCity_House1\scripts.inc;Maps;SootopolisCity;1267;43;Onvertaald;Laag;
scripts.inc;data\maps\MossdeepCity_House1\scripts.inc;Maps;MossdeepCity;1256;41;Onvertaald;Laag;
rival_graphics.inc;data\scripts\rival_graphics.inc;Overig;;1245;42;Onvertaald;Laag;
field_poison.inc;data\scripts\field_poison.inc;Overig;;1236;42;Onvertaald;Laag;
scripts.inc;data\maps\FarawayIsland_Entrance\scripts.inc;Maps;FarawayIsland;1222;48;Onvertaald;Laag;
scripts.inc;data\maps\SeafloorCavern_Room1\scripts.inc;Maps;SeafloorCavern;1222;36;Onvertaald;Laag;
scripts.inc;data\maps\RustboroCity_Flat2_2F\scripts.inc;Maps;RustboroCity;1209;37;Vertaald;Laag;
scripts.inc;data\maps\SeafloorCavern_Room4\scripts.inc;Maps;SeafloorCavern;1184;36;Onvertaald;Laag;
scripts.inc;data\maps\LavaridgeTown_Mart\scripts.inc;Maps;LavaridgeTown;1157;49;Onvertaald;Laag;
scripts.inc;data\maps\SafariZone_Southeast\scripts.inc;Maps;SafariZone;1156;40;Onvertaald;Laag;
scripts.inc;data\maps\MossdeepCity_PokemonCenter_1F\scripts.inc;Pokemon;;1150;38;Onvertaald;Laag;
scripts.inc;data\maps\SootopolisCity_House4\scripts.inc;Maps;SootopolisCity;1150;39;Onvertaald;Laag;
contest_link.inc;data\text\contest_link.inc;UI;;1118;38;Onvertaald;Laag;
scripts.inc;data\maps\DewfordTown_House1\scripts.inc;Maps;DewfordTown;1098;38;Onvertaald;Laag;
base_oam.h;src\data\object_events\base_oam.h;Events;;1098;47;Onvertaald;Laag;
scripts.inc;data\maps\ShoalCave_LowTideStairsRoom\scripts.inc;Maps;ShoalCave;1086;32;Onvertaald;Laag;
scripts.inc;data\maps\SootopolisCity_House2\scripts.inc;Maps;SootopolisCity;1079;34;Onvertaald;Laag;
scripts.inc;data\maps\MauvilleCity_PokemonCenter_2F\scripts.inc;Pokemon;;1057;32;Onvertaald;Laag;
scripts.inc;data\maps\EverGrandeCity\scripts.inc;Maps;EverGrandeCity;1055;39;Onvertaald;Laag;
scripts.inc;data\maps\MagmaHideout_3F_2R\scripts.inc;Maps;MagmaHideout;1038;28;Onvertaald;Laag;
scripts.inc;data\maps\AbandonedShip_Corridors_1F\scripts.inc;Maps;AbandonedShip;1023;28;Onvertaald;Laag;
scripts.inc;data\maps\AquaHideout_UnusedRubyMap3\scripts.inc;Maps;AquaHideout;1008;25;Onvertaald;Laag;
pc_transfer.inc;data\text\pc_transfer.inc;UI;;996;32;Onvertaald;Laag;
scripts.inc;data\maps\RustboroCity_House3\scripts.inc;Maps;RustboroCity;963;37;Vertaald;Laag;
obtain_item.inc;data\text\obtain_item.inc;Items;;958;39;Onvertaald;Laag;
scripts.inc;data\maps\FortreeCity_House3\scripts.inc;Maps;FortreeCity;952;29;Onvertaald;Laag;
scripts.inc;data\maps\BattleFrontier_Lounge4\scripts.inc;Battle;;944;30;Onvertaald;Laag;
cave_of_origin.inc;data\scripts\cave_of_origin.inc;Overig;;941;45;Onvertaald;Laag;
scripts.inc;data\maps\DesertUnderpass\scripts.inc;Maps;DesertUnderpass;935;40;Onvertaald;Laag;
scripts.inc;data\maps\MossdeepCity_PokemonCenter_2F\scripts.inc;Pokemon;;933;29;Onvertaald;Laag;
scripts.inc;data\maps\CaveOfOrigin_UnusedRubySapphireMap3\scripts.inc;Maps;CaveOfOrigin;930;25;Onvertaald;Laag;
scripts.inc;data\maps\FortreeCity_House5\scripts.inc;Maps;FortreeCity;928;35;Onvertaald;Laag;
repel.inc;data\scripts\repel.inc;Overig;;926;31;Onvertaald;Laag;
scripts.inc;data\maps\PetalburgCity_House1\scripts.inc;Maps;PetalburgCity;912;29;Vertaald;Laag;
scripts.inc;data\maps\LilycoveCity_House2\scripts.inc;Maps;LilycoveCity;888;29;Onvertaald;Laag;
scripts.inc;data\maps\SootopolisCity_House7\scripts.inc;Maps;SootopolisCity;865;26;Onvertaald;Laag;
mystery_event_script_cmd_table.s;data\mystery_event_script_cmd_table.s;Events;;860;22;Onvertaald;Laag;
mystery_gift.s;data\mystery_gift.s;Overig;;845;26;Onvertaald;Laag;
scripts.inc;data\maps\VerdanturfTown_House\scripts.inc;Maps;VerdanturfTown;831;25;Onvertaald;Laag;
scripts.inc;data\maps\PacifidlogTown_House1\scripts.inc;Maps;PacifidlogTown;816;26;Onvertaald;Laag;
scripts.inc;data\maps\SlateportCity_SternsShipyard_2F\scripts.inc;Maps;SlateportCity;783;22;Onvertaald;Laag;
scripts.inc;data\maps\MtPyre_5F\scripts.inc;Maps;MtPyre;776;27;Onvertaald;Laag;
gift_altering_cave.inc;data\scripts\gift_altering_cave.inc;Overig;;764;23;Onvertaald;Laag;
scripts.inc;data\maps\Underwater_SealedChamber\scripts.inc;Maps;Underwater;755;24;Onvertaald;Laag;
scripts.inc;data\maps\BirthIsland_Harbor\scripts.inc;Maps;BirthIsland;743;29;Onvertaald;Laag;
scripts.inc;data\maps\SafariZone_Southwest\scripts.inc;Maps;SafariZone;739;23;Onvertaald;Laag;
scripts.inc;data\maps\SlateportCity_House\scripts.inc;Maps;SlateportCity;735;23;Onvertaald;Laag;
scripts.inc;data\maps\NavelRock_Harbor\scripts.inc;Maps;NavelRock;731;29;Vertaald;Laag;
scripts.inc;data\maps\PetalburgCity_House2\scripts.inc;Maps;PetalburgCity;727;26;Vertaald;Laag;
std_msgbox.inc;data\scripts\std_msgbox.inc;Overig;;723;51;Onvertaald;Laag;
scripts.inc;data\maps\MtPyre_Exterior\scripts.inc;Maps;MtPyre;713;29;Onvertaald;Laag;
scripts.inc;data\maps\MtPyre_4F\scripts.inc;Maps;MtPyre;703;24;Onvertaald;Laag;
scripts.inc;data\maps\LavaridgeTown_House\scripts.inc;Maps;LavaridgeTown;678;26;Onvertaald;Laag;
scripts.inc;data\maps\LilycoveCity_House4\scripts.inc;Maps;LilycoveCity;673;21;Onvertaald;Laag;
scripts.inc;data\maps\RustboroCity_House2\scripts.inc;Maps;RustboroCity;668;21;Vertaald;Laag;
check_furniture.inc;data\text\check_furniture.inc;UI;;649;27;Onvertaald;Laag;
save.inc;data\text\save.inc;UI;;647;28;Onvertaald;Laag;
scripts.inc;data\maps\LilycoveCity_House1\scripts.inc;Maps;LilycoveCity;646;26;Onvertaald;Laag;
scripts.inc;data\maps\Route119_House\scripts.inc;Maps;Route119;646;27;Onvertaald;Laag;
scripts.inc;data\maps\EverGrandeCity_PokemonCenter_2F\scripts.inc;Pokemon;;642;21;Onvertaald;Laag;
scripts.inc;data\maps\BattleFrontier_PokemonCenter_2F\scripts.inc;Pokemon;;641;20;Onvertaald;Laag;
scripts.inc;data\maps\EverGrandeCity_PokemonLeague_2F\scripts.inc;Pokemon;;641;20;Onvertaald;Laag;
scripts.inc;data\maps\PacifidlogTown_PokemonCenter_2F\scripts.inc;Pokemon;;641;20;Onvertaald;Laag;
scripts.inc;data\maps\SootopolisCity_PokemonCenter_2F\scripts.inc;Pokemon;;641;20;Onvertaald;Laag;
scripts.inc;data\maps\VerdanturfTown_PokemonCenter_2F\scripts.inc;Pokemon;;641;20;Onvertaald;Laag;
scripts.inc;data\maps\FallarborTown_PokemonCenter_2F\scripts.inc;Pokemon;;637;20;Onvertaald;Laag;
scripts.inc;data\maps\LavaridgeTown_PokemonCenter_2F\scripts.inc;Pokemon;;637;20;Onvertaald;Laag;
scripts.inc;data\maps\PetalburgCity_PokemonCenter_2F\scripts.inc;Pokemon;;637;20;Onvertaald;Laag;
scripts.inc;data\maps\SlateportCity_PokemonCenter_2F\scripts.inc;Pokemon;;637;20;Onvertaald;Laag;
scripts.inc;data\maps\SootopolisCity_House5\scripts.inc;Maps;SootopolisCity;634;20;Onvertaald;Laag;
scripts.inc;data\maps\LilycoveCity_PokemonCenter_2F\scripts.inc;Pokemon;;633;20;Onvertaald;Laag;
scripts.inc;data\maps\RustboroCity_PokemonCenter_2F\scripts.inc;Pokemon;;633;20;Onvertaald;Laag;
scripts.inc;data\maps\DewfordTown_PokemonCenter_2F\scripts.inc;Pokemon;;629;20;Onvertaald;Laag;
scripts.inc;data\maps\FortreeCity_PokemonCenter_2F\scripts.inc;Pokemon;;629;20;Onvertaald;Laag;
scripts.inc;data\maps\OldaleTown_PokemonCenter_2F\scripts.inc;Pokemon;;625;20;Onvertaald;Laag;
scripts.inc;data\maps\RustboroCity_Flat2_3F\scripts.inc;Maps;RustboroCity;621;19;Vertaald;Laag;
cave_hole.inc;data\scripts\cave_hole.inc;Overig;;621;34;Onvertaald;Laag;
scripts.inc;data\maps\Route117_PokemonDayCare\scripts.inc;Pokemon;;610;19;Onvertaald;Laag;
map_events.s;data\map_events.s;Events;;608;21;Onvertaald;Laag;
gift_stamp_card.inc;data\scripts\gift_stamp_card.inc;Overig;;603;21;Onvertaald;Laag;
rom_header.s;src\rom_header.s;Overig;;598;53;Onvertaald;Laag;
scripts.inc;data\maps\OldaleTown_House2\scripts.inc;Maps;OldaleTown;597;20;Vertaald;Laag;
scripts.inc;data\maps\SafariZone_Northeast\scripts.inc;Maps;SafariZone;597;18;Onvertaald;Laag;
scripts.inc;data\maps\AbandonedShip_Rooms_B1F\scripts.inc;Maps;AbandonedShip;591;20;Onvertaald;Laag;
scripts.inc;data\maps\RustboroCity_Flat2_1F\scripts.inc;Maps;RustboroCity;574;24;Vertaald;Laag;
scripts.inc;data\maps\SkyPillar_2F\scripts.inc;Maps;SkyPillar;556;20;Onvertaald;Laag;
scripts.inc;data\maps\SkyPillar_4F\scripts.inc;Maps;SkyPillar;556;20;Onvertaald;Laag;
scripts.inc;data\maps\ShoalCave_LowTideIceRoom\scripts.inc;Maps;ShoalCave;539;17;Onvertaald;Laag;
maps.s;data\maps.s;Overig;;528;18;Onvertaald;Laag;
record_mix.inc;data\scripts\record_mix.inc;Overig;;527;20;Onvertaald;Laag;
scripts.inc;data\maps\RustboroCity_Flat1_1F\scripts.inc;Maps;RustboroCity;512;18;Vertaald;Laag;
check_furniture.inc;data\scripts\check_furniture.inc;Overig;;498;27;Onvertaald;Laag;
trainer_script.inc;data\scripts\trainer_script.inc;Trainers;;492;22;Onvertaald;Laag;
scripts.inc;data\maps\AbandonedShip_Rooms2_B1F\scripts.inc;Maps;AbandonedShip;490;15;Onvertaald;Laag;
scripts.inc;data\maps\CeruleanCave2\scripts.inc;Maps;CeruleanCave2;479;15;Onvertaald;Laag;
scripts.inc;data\maps\FieryPath\scripts.inc;Maps;FieryPath;472;16;Onvertaald;Laag;
scripts.inc;data\maps\OldaleTown_House1\scripts.inc;Maps;OldaleTown;445;15;Vertaald;Laag;
surf.inc;data\scripts\surf.inc;Overig;;441;14;Onvertaald;Laag;
scripts.inc;data\maps\MeteorFalls_B1F_2R\scripts.inc;Maps;MeteorFalls;393;13;Onvertaald;Laag;
length_table.h;src\data\bard_music\length_table.h;Overig;;390;21;Onvertaald;Laag;
pc.inc;data\text\pc.inc;UI;;389;17;Onvertaald;Laag;
scripts.inc;data\maps\SkyPillar_5F\scripts.inc;Maps;SkyPillar;383;14;Onvertaald;Laag;
scripts.inc;data\maps\SkyPillar_1F\scripts.inc;Maps;SkyPillar;380;14;Onvertaald;Laag;
scripts.inc;data\maps\SkyPillar_3F\scripts.inc;Maps;SkyPillar;380;14;Onvertaald;Laag;
scripts.inc;data\maps\TrainerHill_1F\scripts.inc;Trainers;;376;12;Onvertaald;Laag;
scripts.inc;data\maps\GraniteCave_B1F\scripts.inc;Maps;GraniteCave;371;12;Onvertaald;Laag;
scripts.inc;data\maps\MirageTower_2F\scripts.inc;Maps;MirageTower;367;12;Onvertaald;Laag;
scripts.inc;data\maps\MirageTower_3F\scripts.inc;Maps;MirageTower;367;12;Onvertaald;Laag;
scripts.inc;data\maps\Underwater_MarineCave\scripts.inc;Maps;Underwater;357;13;Onvertaald;Laag;
scripts.inc;data\maps\SafariZone_RestHouse\scripts.inc;Maps;SafariZone;356;15;Onvertaald;Laag;
scripts.inc;data\maps\AlteringCave\scripts.inc;Maps;AlteringCave;348;14;Onvertaald;Laag;
scripts.inc;data\maps\EverGrandeCity_Hall1\scripts.inc;Maps;EverGrandeCity;336;12;Onvertaald;Laag;
scripts.inc;data\maps\EverGrandeCity_Hall2\scripts.inc;Maps;EverGrandeCity;336;12;Onvertaald;Laag;
scripts.inc;data\maps\EverGrandeCity_Hall3\scripts.inc;Maps;EverGrandeCity;336;12;Onvertaald;Laag;
scripts.inc;data\maps\EverGrandeCity_Hall4\scripts.inc;Maps;EverGrandeCity;336;12;Onvertaald;Laag;
scripts.inc;data\maps\EverGrandeCity_Hall5\scripts.inc;Maps;EverGrandeCity;336;12;Onvertaald;Laag;
scripts.inc;data\maps\MirageTower_1F\scripts.inc;Maps;MirageTower;332;12;Onvertaald;Laag;
sound_data.s;data\sound_data.s;Overig;;332;13;Onvertaald;Laag;
scripts.inc;data\maps\TrainerHill_2F\scripts.inc;Trainers;;331;10;Onvertaald;Laag;
scripts.inc;data\maps\SafariZone_North\scripts.inc;Maps;SafariZone;327;13;Onvertaald;Laag;
scripts.inc;data\maps\ScorchedSlab\scripts.inc;Maps;ScorchedSlab;311;12;Onvertaald;Laag;
default_sound.h;src\data\bard_music\default_sound.h;Overig;;272;13;Onvertaald;Laag;
scripts.inc;data\maps\ShoalCave_LowTideIceRoom_Modern\scripts.inc;Maps;ShoalCave;271;8;Onvertaald;Laag;
scripts.inc;data\maps\ArtisanCave_B1F\scripts.inc;Maps;ArtisanCave;259;10;Onvertaald;Laag;
mart_clerk.inc;data\text\mart_clerk.inc;UI;;243;10;Onvertaald;Laag;
scripts.inc;data\maps\SafariZone_Northwest\scripts.inc;Maps;SafariZone;240;9;Onvertaald;Laag;
scripts.inc;data\maps\Route110_TrickHouseCorridor\scripts.inc;Maps;Route110;224;8;Onvertaald;Laag;
scripts.inc;data\maps\AbandonedShip_Underwater1\scripts.inc;Maps;AbandonedShip;221;8;Onvertaald;Laag;
abnormal_weather.inc;data\text\abnormal_weather.inc;UI;;214;7;Onvertaald;Laag;
scripts.inc;data\maps\CaveOfOrigin_1F\scripts.inc;Maps;CaveOfOrigin;211;7;Onvertaald;Laag;
scripts.inc;data\maps\AbandonedShip_Underwater2\scripts.inc;Maps;AbandonedShip;208;8;Onvertaald;Laag;
scripts.inc;data\maps\TrainerHill_3F\scripts.inc;Trainers;;204;6;Onvertaald;Laag;
scripts.inc;data\maps\TrainerHill_4F\scripts.inc;Trainers;;204;6;Onvertaald;Laag;
scripts.inc;data\maps\Underwater_SootopolisCity\scripts.inc;Maps;Underwater;200;8;Onvertaald;Laag;
scripts.inc;data\maps\TerraCave_Entrance\scripts.inc;Maps;TerraCave;195;8;Onvertaald;Laag;
scripts.inc;data\maps\CaveOfOrigin_Entrance\scripts.inc;Maps;CaveOfOrigin;190;8;Onvertaald;Laag;
scripts.inc;data\maps\Underwater_Route105\scripts.inc;Maps;Underwater;190;8;Onvertaald;Laag;
scripts.inc;data\maps\Underwater_Route125\scripts.inc;Maps;Underwater;190;8;Onvertaald;Laag;
scripts.inc;data\maps\Underwater_Route127\scripts.inc;Maps;Underwater;190;8;Onvertaald;Laag;
scripts.inc;data\maps\Underwater_Route129\scripts.inc;Maps;Underwater;190;8;Onvertaald;Laag;
scripts.inc;data\maps\AbandonedShip_Deck\scripts.inc;Maps;AbandonedShip;188;8;Onvertaald;Laag;
scripts.inc;data\maps\MarineCave_Entrance\scripts.inc;Maps;MarineCave;187;8;Onvertaald;Laag;
scripts.inc;data\maps\NavelRock_Exterior\scripts.inc;Maps;NavelRock;186;8;Vertaald;Laag;
scripts.inc;data\maps\SkyPillar_Entrance\scripts.inc;Maps;SkyPillar;184;8;Onvertaald;Laag;
test_signpost.inc;data\scripts\test_signpost.inc;Overig;;183;7;Onvertaald;Laag;
scripts.inc;data\maps\Underwater_Route134\scripts.inc;Maps;Underwater;175;8;Onvertaald;Laag;
record_mix.inc;data\text\record_mix.inc;UI;;171;6;Onvertaald;Laag;
surf.inc;data\text\surf.inc;UI;;162;6;Onvertaald;Laag;
scripts.inc;data\maps\AbandonedShip_Room_B1F\scripts.inc;Maps;AbandonedShip;147;5;Onvertaald;Laag;
scripts.inc;data\maps\SeafloorCavern_Room6\scripts.inc;Maps;SeafloorCavern;145;5;Onvertaald;Laag;
scripts.inc;data\maps\SeafloorCavern_Room7\scripts.inc;Maps;SeafloorCavern;145;5;Onvertaald;Laag;
scripts.inc;data\maps\Underwater_Route124\scripts.inc;Maps;Underwater;144;5;Onvertaald;Laag;
scripts.inc;data\maps\Underwater_Route126\scripts.inc;Maps;Underwater;144;5;Onvertaald;Laag;
scripts.inc;data\maps\MagmaHideout_2F_3R\scripts.inc;Maps;MagmaHideout;143;5;Onvertaald;Laag;
scripts.inc;data\maps\MagmaHideout_3F_3R\scripts.inc;Maps;MagmaHideout;143;5;Onvertaald;Laag;
scripts.inc;data\maps\MeteorFalls_B1F_1R\scripts.inc;Maps;MeteorFalls;143;5;Onvertaald;Laag;
scripts.inc;data\maps\NavelRock_Entrance\scripts.inc;Maps;NavelRock;143;5;Vertaald;Laag;
scripts.inc;data\maps\NavelRock_Fork_Open\scripts.inc;Maps;NavelRock;143;4;Vertaald;Laag;
scripts.inc;data\maps\ScorchedSlab_Modern\scripts.inc;Maps;ScorchedSlab;143;4;Onvertaald;Laag;
scripts.inc;data\maps\VictoryRoad_Moltres\scripts.inc;Maps;VictoryRoad;143;4;Onvertaald;Laag;
scripts.inc;data\maps\ArtisanCave_1F\scripts.inc;Maps;ArtisanCave;139;5;Onvertaald;Laag;
scripts.inc;data\maps\NavelRock_B1F\scripts.inc;Maps;NavelRock;138;5;Vertaald;Laag;
scripts.inc;data\maps\CeruleanCave1\scripts.inc;Maps;CeruleanCave1;137;4;Onvertaald;Laag;
multiboot_pokemon_colosseum.s;data\multiboot_pokemon_colosseum.s;Pokemon;;135;5;Onvertaald;Laag;
scripts.inc;data\maps\Route122\scripts.inc;Maps;Route122;133;5;Onvertaald;Laag;
multiboot_berry_glitch_fix.s;data\multiboot_berry_glitch_fix.s;Overig;;131;5;Onvertaald;Laag;
multiboot_ereader.s;data\multiboot_ereader.s;Overig;;125;6;Onvertaald;Laag;
scripts.inc;data\maps\BattleFrontier_PokemonCenter_3F\scripts.inc;Pokemon;;112;3;Onvertaald;Laag;
scripts.inc;data\maps\EverGrandeCity_PokemonCenter_3F\scripts.inc;Pokemon;;112;3;Onvertaald;Laag;
scripts.inc;data\maps\EverGrandeCity_PokemonLeague_3F\scripts.inc;Pokemon;;112;3;Onvertaald;Laag;
scripts.inc;data\maps\SootopolisCity_PokemonCenter_3F\scripts.inc;Pokemon;;112;3;Onvertaald;Laag;
scripts.inc;data\maps\VerdanturfTown_PokemonCenter_3F\scripts.inc;Pokemon;;112;3;Onvertaald;Laag;
scripts.inc;data\maps\FallarborTown_PokemonCenter_3F\scripts.inc;Pokemon;;111;3;Onvertaald;Laag;
scripts.inc;data\maps\LavaridgeTown_PokemonCenter_3F\scripts.inc;Pokemon;;111;3;Onvertaald;Laag;
scripts.inc;data\maps\PetalburgCity_PokemonCenter_3F\scripts.inc;Pokemon;;111;3;Onvertaald;Laag;
scripts.inc;data\maps\SlateportCity_PokemonCenter_3F\scripts.inc;Pokemon;;111;3;Onvertaald;Laag;
scripts.inc;data\maps\LilycoveCity_PokemonCenter_3F\scripts.inc;Pokemon;;110;3;Onvertaald;Laag;
scripts.inc;data\maps\MauvilleCity_PokemonCenter_3F\scripts.inc;Pokemon;;110;3;Onvertaald;Laag;
scripts.inc;data\maps\MossdeepCity_PokemonCenter_3F\scripts.inc;Pokemon;;110;3;Onvertaald;Laag;
scripts.inc;data\maps\RustboroCity_PokemonCenter_3F\scripts.inc;Pokemon;;110;3;Onvertaald;Laag;
scripts.inc;data\maps\DewfordTown_PokemonCenter_3F\scripts.inc;Pokemon;;109;3;Onvertaald;Laag;
scripts.inc;data\maps\FortreeCity_PokemonCenter_3F\scripts.inc;Pokemon;;109;3;Onvertaald;Laag;
scripts.inc;data\maps\Pacifidlog_PokemonCenter_3F\scripts.inc;Pokemon;;108;3;Onvertaald;Laag;
flash.inc;data\scripts\flash.inc;Overig;;72;5;Onvertaald;Laag;
scripts.inc;data\maps\Route104_PrototypePrettyPetalFlowerShop\scripts.inc;Maps;Route104;62;3;Vertaald;Laag;
scripts.inc;data\maps\ShoalCave_HighTideEntranceRoom\scripts.inc;Maps;ShoalCave;53;3;Onvertaald;Laag;
scripts.inc;data\maps\MossdeepCity_GameCorner_B1F\scripts.inc;Maps;MossdeepCity;50;3;Onvertaald;Laag;
scripts.inc;data\maps\ShoalCave_HighTideInnerRoom\scripts.inc;Maps;ShoalCave;50;3;Onvertaald;Laag;
scripts.inc;data\maps\MagmaHideout_3F_1R_Modern\scripts.inc;Maps;MagmaHideout;47;2;Onvertaald;Laag;
scripts.inc;data\maps\MeteorFalls_B1F_2R_Modern\scripts.inc;Maps;MeteorFalls;47;2;Onvertaald;Laag;
scripts.inc;data\maps\NewMauville_Inside_Modern\scripts.inc;Maps;NewMauville;47;2;Onvertaald;Laag;
scripts.inc;data\maps\LilycoveCity_UnusedMart\scripts.inc;Maps;LilycoveCity;46;3;Onvertaald;Laag;
scripts.inc;data\maps\NavelRock_Unown_Room_2\scripts.inc;Maps;NavelRock;44;2;Vertaald;Laag;
scripts.inc;data\maps\VictoryRoad_B2F_Modern\scripts.inc;Maps;VictoryRoad;44;2;Onvertaald;Laag;
scripts.inc;data\maps\BattlePyramidSquare01\scripts.inc;Battle;;43;2;Onvertaald;Laag;
scripts.inc;data\maps\SeafloorCavern_Room2\scripts.inc;Maps;SeafloorCavern;43;3;Onvertaald;Laag;
scripts.inc;data\maps\SeafloorCavern_Room5\scripts.inc;Maps;SeafloorCavern;43;3;Onvertaald;Laag;
scripts.inc;data\maps\SeafloorCavern_Room8\scripts.inc;Maps;SeafloorCavern;43;3;Onvertaald;Laag;
scripts.inc;data\maps\Underwater_Route128\scripts.inc;Maps;Underwater;42;3;Onvertaald;Laag;
scripts.inc;data\maps\AlteringCave_Mewtwo\scripts.inc;Maps;AlteringCave;41;2;Onvertaald;Laag;
scripts.inc;data\maps\BattleColosseum_2P\scripts.inc;Battle;;41;3;Onvertaald;Laag;
scripts.inc;data\maps\BattleColosseum_4P\scripts.inc;Battle;;41;3;Onvertaald;Laag;
scripts.inc;data\maps\Route104_Prototype\scripts.inc;Maps;Route104;41;3;Vertaald;Laag;
scripts.inc;data\maps\PetalburgWoods_Old\scripts.inc;Maps;PetalburgWoods;40;2;Vertaald;Laag;
scripts.inc;data\maps\NavelRock_Down01\scripts.inc;Maps;NavelRock;39;3;Vertaald;Laag;
scripts.inc;data\maps\NavelRock_Down02\scripts.inc;Maps;NavelRock;39;3;Vertaald;Laag;
scripts.inc;data\maps\NavelRock_Down03\scripts.inc;Maps;NavelRock;39;3;Vertaald;Laag;
scripts.inc;data\maps\NavelRock_Down04\scripts.inc;Maps;NavelRock;39;3;Vertaald;Laag;
scripts.inc;data\maps\NavelRock_Down05\scripts.inc;Maps;NavelRock;39;3;Vertaald;Laag;
scripts.inc;data\maps\NavelRock_Down06\scripts.inc;Maps;NavelRock;39;3;Vertaald;Laag;
scripts.inc;data\maps\NavelRock_Down07\scripts.inc;Maps;NavelRock;39;3;Vertaald;Laag;
scripts.inc;data\maps\NavelRock_Down08\scripts.inc;Maps;NavelRock;39;3;Vertaald;Laag;
scripts.inc;data\maps\NavelRock_Down09\scripts.inc;Maps;NavelRock;39;3;Vertaald;Laag;
scripts.inc;data\maps\NavelRock_Down10\scripts.inc;Maps;NavelRock;39;3;Vertaald;Laag;
scripts.inc;data\maps\NavelRock_Down11\scripts.inc;Maps;NavelRock;39;3;Vertaald;Laag;
scripts.inc;data\maps\NavelRock_Up1\scripts.inc;Maps;NavelRock;36;3;Vertaald;Laag;
scripts.inc;data\maps\NavelRock_Up2\scripts.inc;Maps;NavelRock;36;3;Vertaald;Laag;
scripts.inc;data\maps\NavelRock_Up3\scripts.inc;Maps;NavelRock;36;3;Vertaald;Laag;
scripts.inc;data\maps\NavelRock_Up4\scripts.inc;Maps;NavelRock;36;3;Vertaald;Laag;
scripts.inc;data\maps\RecordCorner\scripts.inc;Maps;RecordCorner;35;3;Onvertaald;Laag;
scripts.inc;data\maps\TradeCenter\scripts.inc;Maps;TradeCenter;34;3;Onvertaald;Laag;
;;;;;;;;
;;;;;;;;
;;;;;;;;
;;;;;;;;
;;;;;;;;
;;;;;;;;
;;;;;;;;
;;;;;;;;
;;;;;;;;
;;;;;;;;
;;;;;;;;
;;;;;;;;
;;;;;;;;
;;;;;;;;
;;;;;;;;
;;;;;;;;
;;;;;;;;
;;;;;;;;
;;;;;;;;
;;;;;;;;
;;;;;;;;
;;;;;;;;
;;;;;;;;
;;;;;;;;
;;;;;;;;
;;;;;;;;
;;;;;;;;
;;;;;;;;
;;;;;;;;
;;;;;;;;
;;;;;;;;
;;;;;;;;
;;;;;;;;
;;;;;;;;
;;;;;;;;
;;;;;;;;
;;;;;;;;
;;;;;;;;
;;;;;;;;
;;;;;;;;
;;;;;;;;
;;;;;;;;
;;;;;;;;
;;;;;;;;
;;;;;;;;
;;;;;;;;
;;;;;;;;
;;;;;;;;
;;;;;;;;
;;;;;;;;
;;;;;;;;
;;;;;;;;
;;;;;;;;
;;;;;;;;
;;;;;;;;
;;;;;;;;
;;;;;;;;
;;;;;;;;
;;;;;;;;
;;;;;;;;
;;;;;;;;
;;;;;;;;
;;;;;;;;
;;;;;;;;
;;;;;;;;
;;;;;;;;
;;;;;;;;
;;;;;;;;
;;;;;;;;
;;;;;;;;
;;;;;;;;
;;;;;;;;
;;;;;;;;
;;;;;;;;
;;;;;;;;
;;;;;;;;
;;;;;;;;
;;;;;;;;
;;;;;;;;
;;;;;;;;
;;;;;;;;
;;;;;;;;
;;;;;;;;
;;;;;;;;
;;;;;;;;
;;;;;;;;
;;;;;;;;
;;;;;;;;
;;;;;;;;
;;;;;;;;
;;;;;;;;
;;;;;;;;
;;;;;;;;
;;;;;;;;
;;;;;;;;
;;;;;;;;
;;;;;;;;
;;;;;;;;
;;;;;;;;
;;;;;;;;
;;;;;;;;
;;;;;;;;
;;;;;;;;
;;;;;;;;
;;;;;;;;
;;;;;;;;
;;;;;;;;
;;;;;;;;
;;;;;;;;
;;;;;;;;
;;;;;;;;
;;;;;;;;
;;;;;;;;
;;;;;;;;
;;;;;;;;
;;;;;;;;
;;;;;;;;
;;;;;;;;
;;;;;;;;
;;;;;;;;
;;;;;;;;
;;;;;;;;
;;;;;;;;
;;;;;;;;
;;;;;;;;
;;;;;;;;
;;;;;;;;
;;;;;;;;
;;;;;;;;
;;;;;;;;
;;;;;;;;
;;;;;;;;
;;;;;;;;
;;;;;;;;
;;;;;;;;
;;;;;;;;
;;;;;;;;
;;;;;;;;
;;;;;;;;
;;;;;;;;
;;;;;;;;
;;;;;;;;
;;;;;;;;
;;;;;;;;
;;;;;;;;
;;;;;;;;
;;;;;;;;
;;;;;;;;
;;;;;;;;
;;;;;;;;
;;;;;;;;
;;;;;;;;
;;;;;;;;
;;;;;;;;
;;;;;;;;
;;;;;;;;
;;;;;;;;
;;;;;;;;
;;;;;;;;
;;;;;;;;
;;;;;;;;
;;;;;;;;
;;;;;;;;
;;;;;;;;
;;;;;;;;
;;;;;;;;
;;;;;;;;
;;;;;;;;
;;;;;;;;
;;;;;;;;
;;;;;;;;
;;;;;;;;
;;;;;;;;
;;;;;;;;
;;;;;;;;
;;;;;;;;
;;;;;;;;
;;;;;;;;
;;;;;;;;
;;;;;;;;
;;;;;;;;
;;;;;;;;
;;;;;;;;
;;;;;;;;
;;;;;;;;
;;;;;;;;
;;;;;;;;
;;;;;;;;
;;;;;;;;
;;;;;;;;
;;;;;;;;
;;;;;;;;
;;;;;;;;
;;;;;;;;
;;;;;;;;
;;;;;;;;
;;;;;;;;
;;;;;;;;
;;;;;;;;
;;;;;;;;
;;;;;;;;
;;;;;;;;
;;;;;;;;
;;;;;;;;
;;;;;;;;
;;;;;;;;
;;;;;;;;
;;;;;;;;
;;;;;;;;
;;;;;;;;
;;;;;;;;
;;;;;;;;
;;;;;;;;
;;;;;;;;
;;;;;;;;
;;;;;;;;
;;;;;;;;
;;;;;;;;
;;;;;;;;
;;;;;;;;
;;;;;;;;
;;;;;;;;
;;;;;;;;
;;;;;;;;
;;;;;;;;
;;;;;;;;
;;;;;;;;
;;;;;;;;
;;;;;;;;
;;;;;;;;
;;;;;;;;
;;;;;;;;
;;;;;;;;
;;;;;;;;
;;;;;;;;
;;;;;;;;
;;;;;;;;
;;;;;;;;
;;;;;;;;
;;;;;;;;
;;;;;;;;
;;;;;;;;
;;;;;;;;
;;;;;;;;
;;;;;;;;
;;;;;;;;
;;;;;;;;
;;;;;;;;
;;;;;;;;
;;;;;;;;
;;;;;;;;
;;;;;;;;
;;;;;;;;
;;;;;;;;
;;;;;;;;
;;;;;;;;
;;;;;;;;
;;;;;;;;
;;;;;;;;
;;;;;;;;
;;;;;;;;
;;;;;;;;
;;;;;;;;
;;;;;;;;
;;;;;;;;
;;;;;;;;
;;;;;;;;
;;;;;;;;
;;;;;;;;
;;;;;;;;
;;;;;;;;
;;;;;;;;
;;;;;;;;
;;;;;;;;
;;;;;;;;
;;;;;;;;
;;;;;;;;
;;;;;;;;
;;;;;;;;
;;;;;;;;
;;;;;;;;
;;;;;;;;
;;;;;;;;
;;;;;;;;
;;;;;;;;
;;;;;;;;
;;;;;;;;
;;;;;;;;
;;;;;;;;
;;;;;;;;
;;;;;;;;
;;;;;;;;
;;;;;;;;
;;;;;;;;
;;;;;;;;
;;;;;;;;
;;;;;;;;
;;;;;;;;
;;;;;;;;
;;;;;;;;
;;;;;;;;
;;;;;;;;
;;;;;;;;
;;;;;;;;
;;;;;;;;
;;;;;;;;
;;;;;;;;
;;;;;;;;
;;;;;;;;
;;;;;;;;
;;;;;;;;
;;;;;;;;
;;;;;;;;
;;;;;;;;
;;;;;;;;
;;;;;;;;
;;;;;;;;
;;;;;;;;
;;;;;;;;
;;;;;;;;
;;;;;;;;
;;;;;;;;
;;;;;;;;
;;;;;;;;
;;;;;;;;
;;;;;;;;
;;;;;;;;
;;;;;;;;
;;;;;;;;
;;;;;;;;
;;;;;;;;
;;;;;;;;
;;;;;;;;
;;;;;;;;
;;;;;;;;
;;;;;;;;
;;;;;;;;
;;;;;;;;
;;;;;;;;
;;;;;;;;
;;;;;;;;
;;;;;;;;
;;;;;;;;
;;;;;;;;
;;;;;;;;
;;;;;;;;
;;;;;;;;
;;;;;;;;
;;;;;;;;
;;;;;;;;
;;;;;;;;
;;;;;;;;
;;;;;;;;
;;;;;;;;
;;;;;;;;
;;;;;;;;
;;;;;;;;
;;;;;;;;
;;;;;;;;
;;;;;;;;
;;;;;;;;
;;;;;;;;
;;;;;;;;
;;;;;;;;
;;;;;;;;
;;;;;;;;
;;;;;;;;
